load_id,posted_rate
TE-000001,853.2862227335529
TE-000002,5024.043239478106
TE-000003,5262.021821247279
TE-000004,4115.299002807089
TE-000005,1859.588570691614
TE-000006,4370.401555469594
TE-000007,5335.022921565621
TE-000008,2779.0319505720163
TE-000009,1082.7112937928202
TE-000010,1128.6706186586853
TE-000011,5847.737330929074
TE-000012,2075.056401052294
TE-000013,952.2690407577736
TE-000014,1276.8477733503557
TE-000015,642.8525028546492
TE-000016,1574.3009143924328
TE-000017,1924.1349939615666
TE-000018,2563.554905886844
TE-000019,942.9673796854133
TE-000020,1393.16986705227
TE-000021,4915.509397132169
TE-000022,1423.176170534818
TE-000023,4236.536290996837
TE-000024,3176.7932464887617
TE-000025,1045.1388379685984
TE-000026,1998.3695474313856
TE-000027,791.8129464331851
TE-000028,1212.4664404180307
TE-000029,1524.2576346723886
TE-000030,5148.635657504396
TE-000031,4547.601142357816
TE-000032,1595.115218326316
TE-000033,648.317294047858
TE-000034,594.2211110104379
TE-000035,2319.25128024105
TE-000036,1958.4527585946023
TE-000037,1578.5277804837244
TE-000038,3593.6707641702315
TE-000039,2261.819074299234
TE-000040,4018.4658283881295
TE-000041,1226.454357440879
TE-000042,3710.116829861361
TE-000043,945.3150595344446
TE-000044,1641.7048442079226
TE-000045,1495.7439154328524
TE-000046,2236.3106816256045
TE-000047,1774.0767456298
TE-000048,449.4989918517326
TE-000049,3398.6753030321006
TE-000050,5184.558220813391
TE-000051,1116.9418964384074
TE-000052,2918.5485820827034
TE-000053,3844.204071275313
TE-000054,2555.8850592413414
TE-000055,732.6913380872363
TE-000056,1947.6350173839658
TE-000057,1205.7643786398858
TE-000058,5594.097687505129
TE-000059,1823.8638594746164
TE-000060,2470.7662555863226
TE-000061,1625.1917148682107
TE-000062,1576.0168402616462
TE-000063,839.4072595380574
TE-000064,1570.4288245185553
TE-000065,2483.974619511095
TE-000066,1882.8892281249273
TE-000067,2460.9388327629504
TE-000068,2730.0216244857475
TE-000069,2391.102685388582
TE-000070,2930.6947160493396
TE-000071,2744.5577052293315
TE-000072,5010.932761910231
TE-000073,1216.3062749596327
TE-000074,2091.465706406492
TE-000075,3191.725927504821
TE-000076,3505.023276613191
TE-000077,2260.6679633682666
TE-000078,2099.4005812209252
TE-000079,2169.571117766041
TE-000080,2617.685415030138
TE-000081,2382.948658275559
TE-000082,3440.3222832115302
TE-000083,3200.4215913062776
TE-000084,3942.757640052604
TE-000085,1041.5382769695912
TE-000086,3896.2734263378075
TE-000087,4549.257862093595
TE-000088,2494.869996296767
TE-000089,4026.476595323139
TE-000090,963.8215657421972
TE-000091,1268.829749882724
TE-000092,3550.1889030944412
TE-000093,1691.2418578841555
TE-000094,1972.0364621999172
TE-000095,3947.9631997985416
TE-000096,1459.794954113915
TE-000097,2244.614578681659
TE-000098,3745.2558295647736
TE-000099,2112.2471681690217
TE-000100,4353.721757729696
TE-000101,809.8358097344037
TE-000102,208.93753930416278
TE-000103,1354.0788878916119
TE-000104,3552.290985317193
TE-000105,819.0339142884459
TE-000106,978.0411092818294
TE-000107,3896.83755600127
TE-000108,2229.6091691410393
TE-000109,2275.704625502456
TE-000110,2269.785258982416
TE-000111,1229.8726272751048
TE-000112,1670.8504086388605
TE-000113,2957.1638315728633
TE-000114,2336.0428700118396
TE-000115,1478.8801579702113
TE-000116,3045.2358618862163
TE-000117,902.4463710605405
TE-000118,2465.547046413296
TE-000119,1917.29759017685
TE-000120,1084.2658683208138
TE-000121,1404.8424433862544
TE-000122,4141.842314029078
TE-000123,1546.185527734593
TE-000124,1566.9399237629339
TE-000125,1232.1154443255864
TE-000126,2436.7699115680184
TE-000127,922.7080767780751
TE-000128,1384.107468031235
TE-000129,5222.369158889933
TE-000130,5713.174887338533
TE-000131,1204.439450073565
TE-000132,2892.2951829024005
TE-000133,963.3491261104525
TE-000134,5624.055280539219
TE-000135,335.70461617695105
TE-000136,1335.3957181405626
TE-000137,4375.8256014023345
TE-000138,1721.7633319990093
TE-000139,4171.775818494738
TE-000140,1323.860620868897
TE-000141,3377.3066991659357
TE-000142,2077.6721112008404
TE-000143,3452.5798796499175
TE-000144,5222.660858918157
TE-000145,2343.2451056038294
TE-000146,1998.2501216337412
TE-000147,2170.11015476052
TE-000148,1797.480080541683
TE-000149,1459.7663818255828
TE-000150,3407.2681372164698
TE-000151,2087.822091747164
TE-000152,5395.128199908664
TE-000153,3156.8102214502237
TE-000154,5493.934861679837
TE-000155,2155.0688760802645
TE-000156,2818.8668770411896
TE-000157,714.1765715876052
TE-000158,970.3714235218285
TE-000159,2785.666948418329
TE-000160,1497.1710090711304
TE-000161,2014.1759095324053
TE-000162,1394.4520914710013
TE-000163,3134.675835481483
TE-000164,1404.1267682732455
TE-000165,4129.3249923969215
TE-000166,2084.060871696533
TE-000167,3308.264135910579
TE-000168,1766.4295754110062
TE-000169,2088.2900496801835
TE-000170,1082.441340084203
TE-000171,433.2582351502806
TE-000172,3432.938288409
TE-000173,2418.7456392026725
TE-000174,1623.5915329585175
TE-000175,1226.8781237416379
TE-000176,397.5221805604922
TE-000177,2613.30402208768
TE-000178,1882.8504555191362
TE-000179,1109.6174454251723
TE-000180,991.8028806162108
TE-000181,2105.0286757205727
TE-000182,4476.22374068653
TE-000183,1842.3990898940165
TE-000184,606.6111465206757
TE-000185,3456.5823619549355
TE-000186,534.8515094677609
TE-000187,2568.328073202707
TE-000188,316.0876741775346
TE-000189,2435.5368516108756
TE-000190,1380.0571234071792
TE-000191,1745.25030485989
TE-000192,2071.920274687895
TE-000193,1654.2046810512684
TE-000194,1484.3368707962197
TE-000195,3717.9589854019123
TE-000196,2265.238893930653
TE-000197,752.3593087224988
TE-000198,1639.5850130676279
TE-000199,1434.0446276947332
TE-000200,514.8085567751903
TE-000201,3220.5538970271937
TE-000202,1757.2016917379929
TE-000203,1613.2866122464834
TE-000204,3201.758647561019
TE-000205,4890.28267078939
TE-000206,1035.9110339578299
TE-000207,1267.9979885879197
TE-000208,4633.877407560863
TE-000209,1869.1248883225805
TE-000210,1303.2464095664855
TE-000211,1871.5984093718487
TE-000212,1271.5999808041684
TE-000213,1993.1496723911353
TE-000214,2279.9169166052748
TE-000215,682.5114161503639
TE-000216,3164.4474983803425
TE-000217,840.6224566086917
TE-000218,4136.291346914356
TE-000219,5042.188261321606
TE-000220,1260.6143503001026
TE-000221,1305.3171999509648
TE-000222,3390.6309413213976
TE-000223,1191.9023675155906
TE-000224,2031.1648324767102
TE-000225,3572.696418894066
TE-000226,898.9760643174006
TE-000227,1222.393670723214
TE-000228,1525.5154013799104
TE-000229,2704.898642484936
TE-000230,1528.5902904957227
TE-000231,2948.8556755676254
TE-000232,3252.1449961220915
TE-000233,589.3611084378817
TE-000234,1703.7175303866254
TE-000235,1029.082032381671
TE-000236,1014.1450295722683
TE-000237,1834.0948000121327
TE-000238,2536.9048517631604
TE-000239,308.6060928644465
TE-000240,1070.1514511088476
TE-000241,1306.2305844092202
TE-000242,3149.0635981388036
TE-000243,2896.8406078580624
TE-000244,3525.7281228025677
TE-000245,1715.9096322121711
TE-000246,1588.0854391920209
TE-000247,3674.2000820614885
TE-000248,2828.606525912928
TE-000249,2173.7593721764665
TE-000250,2924.3016348293445
TE-000251,2337.6179307337925
TE-000252,1735.6251306449412
TE-000253,1541.0670219018564
TE-000254,3493.201267890831
TE-000255,2332.961741588124
TE-000256,372.4615523095963
TE-000257,3986.024042450326
TE-000258,2019.3154080878405
TE-000259,1734.508572670978
TE-000260,3657.107893523891
TE-000261,1240.261115106679
TE-000262,3491.0133562404244
TE-000263,1363.0244950678293
TE-000264,1762.4735107789495
TE-000265,2006.4044136270718
TE-000266,1946.928160856643
TE-000267,1430.7521942996764
TE-000268,4181.461588091586
TE-000269,2054.714252775179
TE-000270,1092.6885995463008
TE-000271,2964.404560555822
TE-000272,3597.0070717688905
TE-000273,1264.8800112448807
TE-000274,2744.438975063319
TE-000275,1929.872675899215
TE-000276,4613.084268050637
TE-000277,2962.7561379470435
TE-000278,1776.123541297126
TE-000279,1869.209197598657
TE-000280,4028.74584157122
TE-000281,3380.4143965407475
TE-000282,907.4269460740952
TE-000283,1159.9407773756702
TE-000284,1793.701311280335
TE-000285,3024.045816688329
TE-000286,1358.8049965907442
TE-000287,1571.469014767899
TE-000288,2207.9608371782115
TE-000289,1541.534145440972
TE-000290,984.1827974707983
TE-000291,3824.206263329874
TE-000292,1709.0260621107423
TE-000293,4483.18020152218
TE-000294,1871.3438075916176
TE-000295,2523.3579586838323
TE-000296,1998.3469885767292
TE-000297,1196.408369125772
TE-000298,4088.484903586322
TE-000299,3348.8016800536298
TE-000300,2170.381439937769
TE-000301,1738.2433318489914
TE-000302,3246.0879462136554
TE-000303,3389.740919312591
TE-000304,3688.322719390623
TE-000305,3693.466757273626
TE-000306,2403.7808529159943
TE-000307,1286.9237750130885
TE-000308,1153.5609181669415
TE-000309,3613.6817655057807
TE-000310,4557.779660460104
TE-000311,6138.709686337731
TE-000312,3413.6345069777744
TE-000313,3502.373327034541
TE-000314,4769.109299504973
TE-000315,1386.7447400818628
TE-000316,5323.6535806288575
TE-000317,3511.1283164531196
TE-000318,4446.446622848969
TE-000319,1082.2619919088615
TE-000320,2301.92628705922
TE-000321,3610.8452071089496
TE-000322,4412.931554529891
TE-000323,3298.7966825927842
TE-000324,3712.749732203043
TE-000325,2859.40501655766
TE-000326,3005.4386836099993
TE-000327,753.6588530277677
TE-000328,2009.4531933298035
TE-000329,1051.040679713184
TE-000330,2045.9858903191791
TE-000331,1186.5081248930878
TE-000332,1869.1976657095163
TE-000333,915.8486623612846
TE-000334,989.0408551983535
TE-000335,1606.4149924908543
TE-000336,4438.342905965623
TE-000337,3151.3432407957835
TE-000338,2147.28301106245
TE-000339,1801.3154293083132
TE-000340,4951.033392499115
TE-000341,2971.5809764260966
TE-000342,1501.8772280501082
TE-000343,2353.3837969190004
TE-000344,2021.2811997752533
TE-000345,5825.214027457054
TE-000346,2896.240953579179
TE-000347,1233.442671756457
TE-000348,1802.5986147720505
TE-000349,4266.889859531842
TE-000350,3198.812083793682
TE-000351,5034.47267782951
TE-000352,2167.08307038199
TE-000353,3305.4830363441274
TE-000354,1568.1904967706164
TE-000355,1362.7475207334555
TE-000356,3739.4809144278797
TE-000357,1208.5807994301854
TE-000358,5319.395320078456
TE-000359,5006.48234347222
TE-000360,4516.841203703675
TE-000361,3540.3978605629213
TE-000362,1872.8464695565374
TE-000363,2925.232315662795
TE-000364,4029.445265122681
TE-000365,2458.6038031350904
TE-000366,3960.7082608998535
TE-000367,2239.5214529589484
TE-000368,734.8061757863118
TE-000369,1684.5928185544897
TE-000370,5313.279758342174
TE-000371,3672.608896405931
TE-000372,1578.8579885362396
TE-000373,2811.6324724745546
TE-000374,1764.9620305342946
TE-000375,2898.924196624902
TE-000376,1591.1490598701203
TE-000377,798.3810683698139
TE-000378,1116.586220083815
TE-000379,2056.6455500360894
TE-000380,783.8252407166176
TE-000381,5913.772216217456
TE-000382,546.4448471586818
TE-000383,3438.570827329021
TE-000384,753.7237936692954
TE-000385,3822.220034917017
TE-000386,848.2145912577084
TE-000387,1986.406765081881
TE-000388,1588.6190180338692
TE-000389,1316.3312210215695
TE-000390,2641.808657275078
TE-000391,3916.060211976479
TE-000392,1439.1265618197735
TE-000393,3601.488123707655
TE-000394,3838.7655509229035
TE-000395,2247.578205206159
TE-000396,1409.088285613946
TE-000397,2739.198234337464
TE-000398,2120.7710849140876
TE-000399,2910.176306634145
TE-000400,3993.0037625169734
TE-000401,2221.4616285288193
TE-000402,2121.024885979234
TE-000403,1236.313391782969
TE-000404,1375.752097260174
TE-000405,2139.003347095182
TE-000406,4744.38789438992
TE-000407,1703.602494658184
TE-000408,899.6426555705323
TE-000409,986.069822459466
TE-000410,2191.593074443781
TE-000411,5350.766650310017
TE-000412,1936.0764679205058
TE-000413,2501.0705484291725
TE-000414,3601.1105059526963
TE-000415,2212.844438217027
TE-000416,535.3666554804315
TE-000417,1105.3649198262115
TE-000418,1617.5685013755487
TE-000419,849.3569135370683
TE-000420,4027.3229815473405
TE-000421,1171.4074127573244
TE-000422,4409.95391986777
TE-000423,838.1603240522206
TE-000424,2954.897269678043
TE-000425,5222.188644514908
TE-000426,1603.2460363072123
TE-000427,1016.228148178025
TE-000428,4323.338730803363
TE-000429,1493.2485493145932
TE-000430,2268.450244352374
TE-000431,408.25114058075974
TE-000432,3461.0806751808186
TE-000433,2811.74315964287
TE-000434,2574.8503309980324
TE-000435,1256.2256965273405
TE-000436,690.9348440209408
TE-000437,3634.133253316126
TE-000438,2042.6759824582984
TE-000439,1145.2140018201608
TE-000440,5217.094528024629
TE-000441,1096.1626035952763
TE-000442,1913.0529960580789
TE-000443,1467.1027958097316
TE-000444,5354.038705239154
TE-000445,1307.63319321242
TE-000446,1585.6883828669645
TE-000447,2283.2396811208564
TE-000448,2615.3946692305726
TE-000449,2576.7739919473834
TE-000450,415.7982173183864
TE-000451,1915.582717452105
TE-000452,3026.334864787616
TE-000453,2555.174706579192
TE-000454,3347.5570286599477
TE-000455,4450.475246180802
TE-000456,1855.1869016276407
TE-000457,4741.462220345051
TE-000458,1366.1392046858896
TE-000459,1578.713409513422
TE-000460,5288.871940653533
TE-000461,473.12362071155235
TE-000462,1149.5264504858792
TE-000463,813.276326845441
TE-000464,3941.8016094338577
TE-000465,4087.5225874742964
TE-000466,3280.936513820733
TE-000467,4732.957057907897
TE-000468,1906.4513113324529
TE-000469,1397.8515005345898
TE-000470,535.2526472653374
TE-000471,872.6221261303267
TE-000472,536.4694774104503
TE-000473,2621.685662333261
TE-000474,1187.3368754073458
TE-000475,3224.4677755059156
TE-000476,1752.627462530416
TE-000477,1523.8688687160006
TE-000478,3784.213244421053
TE-000479,883.4428873772549
TE-000480,2712.1671086737656
TE-000481,4993.794566185939
TE-000482,5594.655952631417
TE-000483,3942.000410217396
TE-000484,838.6988367169588
TE-000485,1441.584681700254
TE-000486,840.3218705519737
TE-000487,2130.7085246951224
TE-000488,3246.618064565836
TE-000489,3461.2518568055316
TE-000490,4416.9380059112145
TE-000491,1452.0957432472858
TE-000492,1493.2153199634038
TE-000493,3535.788730179444
TE-000494,987.0626029946698
TE-000495,4111.1282285459
TE-000496,904.0764652903192
TE-000497,482.6418245977043
TE-000498,1971.6230114583786
TE-000499,2007.0710378576032
TE-000500,2434.5827654375175
TE-000501,4711.806999843609
TE-000502,1826.253900045537
TE-000503,2053.9633158350293
TE-000504,6171.123994088827
TE-000505,615.8723281427306
TE-000506,894.5023169956216
TE-000507,4415.219223033088
TE-000508,1471.9064146709163
TE-000509,1888.9309912406711
TE-000510,1257.4160348118717
TE-000511,4602.997552182129
TE-000512,956.4644114963826
TE-000513,589.1229790339487
TE-000514,1650.7661702354571
TE-000515,4895.8518138673935
TE-000516,3045.9534911450187
TE-000517,1262.7107436491256
TE-000518,3278.4163237328275
TE-000519,4506.8141317431655
TE-000520,4479.573024356607
TE-000521,3733.867476403736
TE-000522,3960.4825526590275
TE-000523,4967.928672572999
TE-000524,2650.1343082214935
TE-000525,2487.026270457867
TE-000526,1566.4652166298845
TE-000527,1178.165269979283
TE-000528,980.5880046656539
TE-000529,1857.2008499378264
TE-000530,1300.5924888618656
TE-000531,1649.5984764104437
TE-000532,538.8400554346413
TE-000533,5712.481799091594
TE-000534,1126.6523329836623
TE-000535,1776.9399667867128
TE-000536,1849.6770992078618
TE-000537,1429.6835147351967
TE-000538,624.2343889851118
TE-000539,2415.209980448329
TE-000540,1353.1160629509664
TE-000541,1174.7728719622585
TE-000542,5502.313928505806
TE-000543,1354.1844187958059
TE-000544,1434.799764812035
TE-000545,1525.3274986342185
TE-000546,2597.796003325806
TE-000547,1515.3458484678026
TE-000548,2374.084109255493
TE-000549,1203.398999831134
TE-000550,1628.6109899884118
TE-000551,1618.1755833746065
TE-000552,2925.6699065473185
TE-000553,946.4656413936052
TE-000554,454.7958270953625
TE-000555,3423.6667336590563
TE-000556,5821.565733145183
TE-000557,3413.7507126283363
TE-000558,1174.0082938486512
TE-000559,2403.9420072138937
TE-000560,604.589599242368
TE-000561,222.21818817004464
TE-000562,1194.9841546765451
TE-000563,2965.797807408673
TE-000564,4363.926029798669
TE-000565,3687.1474339323095
TE-000566,2053.0956519889546
TE-000567,3183.9318679138705
TE-000568,3541.4032015583507
TE-000569,893.3248786983766
TE-000570,3055.1081722109957
TE-000571,3436.170051933934
TE-000572,3232.8135393796115
TE-000573,588.6677276542337
TE-000574,2256.4633406780795
TE-000575,1727.3777035290505
TE-000576,670.1475855094861
TE-000577,4137.534520653389
TE-000578,2368.466193896089
TE-000579,335.0183162214605
TE-000580,1501.2994823930603
TE-000581,3027.3391185216565
TE-000582,1074.492570424335
TE-000583,1863.4499616207615
TE-000584,2754.971979945844
TE-000585,4134.560631873941
TE-000586,3523.3764141686524
TE-000587,2027.0192960040515
TE-000588,2044.1954314452676
TE-000589,864.7189934452301
TE-000590,4070.1721201980463
TE-000591,1070.4981534948138
TE-000592,3238.8836500674934
TE-000593,1116.1642166725474
TE-000594,861.8335159540254
TE-000595,1813.9526772464574
TE-000596,833.7081944168776
TE-000597,3190.7014092297886
TE-000598,4374.091882925284
TE-000599,941.4995626199589
TE-000600,3980.477934713788
TE-000601,5157.380785215548
TE-000602,412.77091204190606
TE-000603,1905.8252721672638
TE-000604,1104.757421734751
TE-000605,2475.2733031799194
TE-000606,2169.378297148975
TE-000607,1369.7689212801538
TE-000608,1240.1990455074165
TE-000609,1520.5495140319058
TE-000610,5382.264456590318
TE-000611,495.8005160882342
TE-000612,1847.2844151044958
TE-000613,3087.851238175639
TE-000614,957.8623753272964
TE-000615,1957.7102439729906
TE-000616,1284.8360225625604
TE-000617,841.3715988872921
TE-000618,5103.645308656245
TE-000619,3190.5665866704594
TE-000620,1670.4790232456733
TE-000621,3353.690583846261
TE-000622,1450.48135705016
TE-000623,1213.2247414352355
TE-000624,4933.0097814733435
TE-000625,1373.298940481217
TE-000626,4289.438016516644
TE-000627,1625.3576921786132
TE-000628,4106.374753398541
TE-000629,680.6460309908853
TE-000630,693.2640381288097
TE-000631,732.6058387029602
TE-000632,4044.652849485241
TE-000633,2073.5657076472694
TE-000634,1160.718157492935
TE-000635,2878.5997411990757
TE-000636,2285.456986302763
TE-000637,4395.055086209404
TE-000638,615.8121515583503
TE-000639,3702.849209488533
TE-000640,1510.1356251969737
TE-000641,904.6798922412477
TE-000642,3458.92312094764
TE-000643,2035.4689516358872
TE-000644,3152.8879202768076
TE-000645,964.1615469528408
TE-000646,946.1193435978264
TE-000647,2376.87057199195
TE-000648,4229.477649900271
TE-000649,731.2062575547832
TE-000650,2840.5122368024304
TE-000651,1799.9480750361733
TE-000652,1612.0603456560073
TE-000653,1367.8425521514694
TE-000654,2385.9440897265417
TE-000655,1799.3714741447461
TE-000656,302.8838040209764
TE-000657,1650.1302103533346
TE-000658,2447.7203678165115
TE-000659,847.8484645183833
TE-000660,6628.536036326269
TE-000661,576.7846417793212
TE-000662,3654.1119307397494
TE-000663,1398.6565960215946
TE-000664,3563.2659058877334
TE-000665,3418.2224738966615
TE-000666,261.8435868239294
TE-000667,3002.8155436659995
TE-000668,837.7982287613563
TE-000669,2112.0377835411014
TE-000670,1224.8589151164542
TE-000671,3840.347940129316
TE-000672,2370.877035184373
TE-000673,2687.9371795588754
TE-000674,3375.6780699206074
TE-000675,4997.489963113596
TE-000676,2557.6701153520735
TE-000677,949.9422517648561
TE-000678,4359.828168747832
TE-000679,703.8573828661333
TE-000680,2383.516280901597
TE-000681,3380.5568633916555
TE-000682,2963.0100528216335
TE-000683,2242.2739944389305
TE-000684,1265.0852023370317
TE-000685,4239.159587924086
TE-000686,1658.0192578104086
TE-000687,1134.3875901927772
TE-000688,987.7530884332821
TE-000689,568.4030903263654
TE-000690,2303.109888762341
TE-000691,3465.737163826185
TE-000692,2424.480878820187
TE-000693,3290.8344818938062
TE-000694,3038.990667383861
TE-000695,973.2105778089519
TE-000696,1057.243114362558
TE-000697,2736.116035426004
TE-000698,2748.849953904448
TE-000699,1341.7647840740105
TE-000700,2331.19001665684
TE-000701,3452.3017405503224
TE-000702,1299.5510238275783
TE-000703,957.9873254803465
TE-000704,2628.122847664667
TE-000705,1021.1738460820317
TE-000706,5003.73070956039
TE-000707,458.22750935403974
TE-000708,2424.788312205625
TE-000709,796.3814147487287
TE-000710,1320.8623050215647
TE-000711,1370.3635519678376
TE-000712,659.3991484645844
TE-000713,588.6306408172736
TE-000714,4081.4893370520836
TE-000715,425.73753311675955
TE-000716,2501.6998922583352
TE-000717,1686.3412969879244
TE-000718,4942.177633390105
TE-000719,1368.5046263542945
TE-000720,291.28457960491164
TE-000721,1634.9673250386581
TE-000722,4292.853087987891
TE-000723,2456.250327781429
TE-000724,2512.7402488374355
TE-000725,3391.184011016867
TE-000726,1837.2622722702774
TE-000727,916.1146770713965
TE-000728,2454.110112055396
TE-000729,2061.256357654707
TE-000730,3817.1167539283974
TE-000731,3513.280398677103
TE-000732,4590.755674498932
TE-000733,2503.1185633402847
TE-000734,5211.403254882046
TE-000735,472.1784796650056
TE-000736,948.3408011408078
TE-000737,601.2485178262903
TE-000738,1941.092635685181
TE-000739,4182.817396696619
TE-000740,1660.7837440083329
TE-000741,5089.918493448964
TE-000742,574.166493731884
TE-000743,2193.339969480776
TE-000744,3910.8473745520932
TE-000745,1209.2790768420905
TE-000746,3575.4793239696646
TE-000747,1131.8405632122358
TE-000748,845.9652311417146
TE-000749,4438.829683470419
TE-000750,1838.952378396133
TE-000751,2071.9343838320247
TE-000752,3775.068778468977
TE-000753,1114.4982900429131
TE-000754,2589.3819552217656
TE-000755,3745.268671499288
TE-000756,2084.9846685912257
TE-000757,3644.135912110708
TE-000758,2379.171749087344
TE-000759,1840.2347861837793
TE-000760,1200.3476973466854
TE-000761,2879.7579316363694
TE-000762,1622.4464497279505
TE-000763,1466.5049502542133
TE-000764,4342.755709562736
TE-000765,2930.8797898855028
TE-000766,769.8608523197252
TE-000767,3305.9612913584033
TE-000768,4731.259412397639
TE-000769,2744.1794284636553
TE-000770,3313.0624886699907
TE-000771,4196.41567199512
TE-000772,296.68918277717853
TE-000773,1391.2538214681285
TE-000774,1522.123368169602
TE-000775,1056.9132950898045
TE-000776,3333.160176243211
TE-000777,2740.3679469874764
TE-000778,813.1501475228499
TE-000779,525.0437285689829
TE-000780,1532.0698206877937
TE-000781,2067.2586709356247
TE-000782,2559.9068295885895
TE-000783,1484.0714998438539
TE-000784,3829.515705979987
TE-000785,5175.570727161712
TE-000786,1267.6683180235832
TE-000787,5332.983902689379
TE-000788,4420.706262448162
TE-000789,1870.9884419369682
TE-000790,1879.7606521166088
TE-000791,1267.2629422229566
TE-000792,3182.26738894363
TE-000793,3442.414619727334
TE-000794,2914.1097509312976
TE-000795,1608.863451559658
TE-000796,1667.785800561514
TE-000797,1079.6829279157364
TE-000798,1892.8625689615947
TE-000799,4597.030382289982
TE-000800,3959.595910378153
TE-000801,2490.170611146195
TE-000802,549.5384554960679
TE-000803,784.6972760147551
TE-000804,2492.8723083029076
TE-000805,3760.0496910408947
TE-000806,821.5615395692921
TE-000807,3001.707061190162
TE-000808,2746.7444124726303
TE-000809,4246.042008107648
TE-000810,2380.4683374935535
TE-000811,4557.292691905322
TE-000812,1336.5918736351337
TE-000813,1098.067639345578
TE-000814,1003.955559690141
TE-000815,2330.2537567621853
TE-000816,1353.618702849234
TE-000817,3202.996233810235
TE-000818,905.6465839410728
TE-000819,1754.2979192723212
TE-000820,5712.103432993233
TE-000821,5783.510613424974
TE-000822,659.8553836215276
TE-000823,3053.87499594358
TE-000824,1335.3537908765663
TE-000825,5532.16464899168
TE-000826,621.3352440787337
TE-000827,592.6854909031272
TE-000828,929.1626130797588
TE-000829,4711.112175652486
TE-000830,4354.516889707287
TE-000831,1199.6822896676522
TE-000832,1291.9558025018605
TE-000833,964.0866928903499
TE-000834,2233.7889230796022
TE-000835,2145.6437179666973
TE-000836,1651.9026623279835
TE-000837,1125.7344664448938
TE-000838,3461.7087940910883
TE-000839,2187.8849044107415
TE-000840,772.4665941696219
TE-000841,1031.7917883900923
TE-000842,669.9240541983552
TE-000843,851.065977851144
TE-000844,1919.4795928112262
TE-000845,1175.9938416480932
TE-000846,4889.019327023625
TE-000847,545.8033418234586
TE-000848,1070.1528806863453
TE-000849,1762.2100808300509
TE-000850,494.55555910847147
TE-000851,4812.987823478203
TE-000852,1213.019332798445
TE-000853,1530.6423647335519
TE-000854,1748.4777413194113
TE-000855,2581.049927138338
TE-000856,1377.9752854711442
TE-000857,4525.864292619201
TE-000858,3511.4020090099793
TE-000859,856.494179182687
TE-000860,1261.113624491998
TE-000861,5305.372631201693
TE-000862,1574.1100238963763
TE-000863,1325.4430218727812
TE-000864,790.0274288591718
TE-000865,3720.691664706646
TE-000866,798.664228890628
TE-000867,1656.3498668535328
TE-000868,2618.508019275986
TE-000869,2960.8008796806835
TE-000870,1226.4825438243638
TE-000871,1067.5331025616088
TE-000872,866.3172554169385
TE-000873,433.6553085917733
TE-000874,4683.877346783347
TE-000875,2197.8936842116873
TE-000876,1418.8742423748654
TE-000877,1697.1893950177068
TE-000878,1760.148971214069
TE-000879,3820.897646445367
TE-000880,293.7665866436125
TE-000881,1186.7917257672464
TE-000882,215.6994737635157
TE-000883,762.1617827507098
TE-000884,3934.9531245759076
TE-000885,2776.9472936714733
TE-000886,1914.2713683330355
TE-000887,4489.140806991129
TE-000888,5960.1872363062685
TE-000889,992.4540305727903
TE-000890,559.6224915609243
TE-000891,2426.96362437901
TE-000892,1175.7895192028977
TE-000893,4905.249121289613
TE-000894,1723.5994406502805
TE-000895,1059.686575954776
TE-000896,2228.189223881867
TE-000897,1212.8501284903386
TE-000898,1071.412975445805
TE-000899,2403.2549280424887
TE-000900,1994.2586142605694
TE-000901,1445.7328553855914
TE-000902,1850.2736856656695
TE-000903,3190.0039925019046
TE-000904,2417.5870896683814
TE-000905,3583.8482603677176
TE-000906,396.294748989711
TE-000907,4636.431444595135
TE-000908,3704.6042765134916
TE-000909,3765.218985434147
TE-000910,1217.6604003140765
TE-000911,4572.173232543105
TE-000912,4428.216147789294
TE-000913,2120.3578437416613
TE-000914,3122.461437515163
TE-000915,1250.5103607416381
TE-000916,1439.356430489399
TE-000917,1709.9139289064021
TE-000918,733.3859193762139
TE-000919,2361.431025108701
TE-000920,1702.4096705902307
TE-000921,3010.760518689381
TE-000922,458.54263702055664
TE-000923,884.7266359184844
TE-000924,2367.9594242072426
TE-000925,3363.2502735877697
TE-000926,2259.9562554039985
TE-000927,1403.46064446757
TE-000928,3650.184828752057
TE-000929,2044.9871172940525
TE-000930,2088.592631375415
TE-000931,4667.860268043065
TE-000932,3997.745715741031
TE-000933,3798.481780333968
TE-000934,5295.544489423529
TE-000935,2165.2346918749154
TE-000936,4621.211768467354
TE-000937,4237.0725839682555
TE-000938,581.1410982078789
TE-000939,2179.3100992150876
TE-000940,2553.46990773942
TE-000941,2034.4214177604442
TE-000942,1817.548241078802
TE-000943,924.2924074706657
TE-000944,2283.6504982720935
TE-000945,1778.9799776952632
TE-000946,2360.081601633278
TE-000947,4120.6149291821075
TE-000948,3619.6498438163217
TE-000949,1733.8975770965867
TE-000950,2137.642659278367
TE-000951,1373.8488934214777
TE-000952,2267.988965728757
TE-000953,4195.289142910169
TE-000954,1097.3583675400318
TE-000955,2544.5763169265797
TE-000956,2127.327825492179
TE-000957,4653.721953954803
TE-000958,885.0510414460573
TE-000959,2176.195804082242
TE-000960,2615.4677611084553
TE-000961,1899.395678506552
TE-000962,405.81925415340993
TE-000963,4296.099997814079
TE-000964,876.9792073185693
TE-000965,4136.874987150047
TE-000966,2317.842553498176
TE-000967,1048.425483368661
TE-000968,3578.9592292327948
TE-000969,2720.131346467834
TE-000970,1726.4621377663611
TE-000971,1284.8406584927852
TE-000972,2539.307630445484
TE-000973,2210.7293279089745
TE-000974,688.2862988506865
TE-000975,1777.6442872120933
TE-000976,2435.855144318253
TE-000977,5230.594963573796
TE-000978,2106.502074604644
TE-000979,2163.65997092237
TE-000980,4043.8202569856394
TE-000981,2623.309241941603
TE-000982,2348.5730617060067
TE-000983,781.7494889840004
TE-000984,1764.170798104779
TE-000985,1766.9603641503168
TE-000986,2416.9248123044044
TE-000987,1384.5592620161974
TE-000988,3287.615324446224
TE-000989,2237.9814013504492
TE-000990,3593.648105260574
TE-000991,1993.2864388409712
TE-000992,1638.181928542987
TE-000993,1645.1045446989654
TE-000994,2722.47718523816
TE-000995,1641.7861031509813
TE-000996,2877.966626471546
TE-000997,4087.3114069918975
TE-000998,4724.105677269164
TE-000999,2601.035647774392
TE-001000,1003.1294183268335
TE-001001,1918.0151657075976
TE-001002,244.1315149535344
TE-001003,1812.883644397332
TE-001004,5668.736934263642
TE-001005,1205.280759443056
TE-001006,2477.63249302063
TE-001007,4567.490989925539
TE-001008,2456.9034807986454
TE-001009,1828.0097747554878
TE-001010,2065.991378061469
TE-001011,1908.459192973739
TE-001012,2865.6694221063303
TE-001013,3337.572289337587
TE-001014,1228.8419238451766
TE-001015,4762.064409634082
TE-001016,2031.2541429554153
TE-001017,4557.846859349247
TE-001018,2848.6651045496337
TE-001019,1494.387203558911
TE-001020,2372.1382863359036
TE-001021,3427.6441525637792
TE-001022,2068.9737675804117
TE-001023,1947.979086943349
TE-001024,1914.3221756942387
TE-001025,587.553644399565
TE-001026,3454.1539151773736
TE-001027,565.5587845045579
TE-001028,1353.7841164443143
TE-001029,1839.086468905602
TE-001030,1972.9947048042882
TE-001031,3224.2066896645383
TE-001032,1893.070848452018
TE-001033,4519.018727308278
TE-001034,3939.4355839702985
TE-001035,3507.693574289875
TE-001036,1902.5541186420244
TE-001037,1715.2215619270542
TE-001038,5608.32477188601
TE-001039,4752.140436114449
TE-001040,259.4763890396364
TE-001041,4397.561415383119
TE-001042,2888.516160784719
TE-001043,1322.0474708994052
TE-001044,5333.208751592993
TE-001045,4281.184361703497
TE-001046,1959.6547006568128
TE-001047,1112.7320487519232
TE-001048,621.7380213727374
TE-001049,1481.8019050804721
TE-001050,1214.6546777028511
TE-001051,2171.2232398955084
TE-001052,2780.8959829437904
TE-001053,1350.4862465206998
TE-001054,1262.704467083675
TE-001055,401.91734834014846
TE-001056,402.31831178543484
TE-001057,615.6256197558669
TE-001058,3654.181246453493
TE-001059,1021.6283922370512
TE-001060,1333.4771588678973
TE-001061,1870.5302193395805
TE-001062,3934.7553383723425
TE-001063,2961.2901822169906
TE-001064,2890.1972466791553
TE-001065,1735.7980334390074
TE-001066,2262.6058330808683
TE-001067,2945.0313081595605
TE-001068,904.8448967514139
TE-001069,4962.936520825602
TE-001070,1163.624437802378
TE-001071,777.0284374364628
TE-001072,4058.323550471172
TE-001073,1167.7504316349118
TE-001074,3243.5139954149345
TE-001075,1952.70624178271
TE-001076,3318.5557684436244
TE-001077,782.4463385115478
TE-001078,1788.9722692354353
TE-001079,775.1309907686084
TE-001080,2488.1437623315815
TE-001081,2021.0095248210182
TE-001082,2038.6586521337479
TE-001083,1344.672294389809
TE-001084,471.838292995551
TE-001085,1707.8826751545514
TE-001086,4047.23830675305
TE-001087,4943.908319331073
TE-001088,1061.5449743424485
TE-001089,2539.4643429165226
TE-001090,3899.148693887053
TE-001091,2443.0087026406313
TE-001092,1846.211830387169
TE-001093,4259.144522574665
TE-001094,3343.5699022017875
TE-001095,4043.3188922570016
TE-001096,3719.4870796047317
TE-001097,3602.082153871853
TE-001098,2246.026420842507
TE-001099,1178.1185892996386
TE-001100,2717.124532587928
TE-001101,564.6396194527083
TE-001102,3994.511299203612
TE-001103,2439.793697901206
TE-001104,2421.3524119398617
TE-001105,1970.4622009227644
TE-001106,964.4494045452107
TE-001107,2721.9748665237444
TE-001108,794.620347022947
TE-001109,1457.843064657644
TE-001110,863.0860632441966
TE-001111,1966.2130832137777
TE-001112,1286.975150493418
TE-001113,881.5699679037782
TE-001114,1145.8730079061083
TE-001115,4695.422882163566
TE-001116,1998.4639624721365
TE-001117,2383.363722017909
TE-001118,2371.644828773048
TE-001119,2601.507849320402
TE-001120,3717.286394609141
TE-001121,3632.0018148285612
TE-001122,3549.163267453654
TE-001123,1697.1115392364459
TE-001124,1013.3645894853173
TE-001125,1182.3964018468114
TE-001126,3312.814050982733
TE-001127,1804.7181777988972
TE-001128,3781.706022003341
TE-001129,1437.8982823135052
TE-001130,4574.710447805871
TE-001131,1568.9250401117965
TE-001132,3496.2992680962857
TE-001133,3344.3045485637476
TE-001134,1593.3880457180628
TE-001135,2891.6990870566524
TE-001136,1264.4307673477022
TE-001137,870.9794054653396
TE-001138,2163.0136874906675
TE-001139,2719.9242782142646
TE-001140,1164.637787217407
TE-001141,486.1639127154044
TE-001142,1657.604012232911
TE-001143,2993.901921202578
TE-001144,993.4939852144762
TE-001145,1173.7535747135134
TE-001146,1995.3329779609726
TE-001147,2278.3166509681623
TE-001148,2365.13004309002
TE-001149,4127.983293480471
TE-001150,3632.0076547111503
TE-001151,3142.1975953930614
TE-001152,1120.9242051041074
TE-001153,3156.9865838293817
TE-001154,1351.9573834608636
TE-001155,1479.541653975392
TE-001156,5791.201625094158
TE-001157,943.1043944088897
TE-001158,2561.222154266249
TE-001159,2438.1503970497956
TE-001160,4801.5177573162055
TE-001161,2108.0279391766235
TE-001162,1376.2509444781258
TE-001163,1170.1527265749742
TE-001164,959.8809612088667
TE-001165,519.8249230743527
TE-001166,2190.822983927986
TE-001167,2804.4843618161008
TE-001168,1272.0439812597097
TE-001169,6289.331474758703
TE-001170,829.7440377907037
TE-001171,2356.1861261355048
TE-001172,2441.5455334041158
TE-001173,1916.111692794308
TE-001174,1223.9220574975475
TE-001175,4071.1137094323744
TE-001176,2060.2844883944017
TE-001177,854.8622604081456
TE-001178,746.6899114384205
TE-001179,2098.381171990686
TE-001180,1831.9794756206163
TE-001181,3733.4549682304632
TE-001182,2438.32840555709
TE-001183,917.2147165798845
TE-001184,1881.6720981521069
TE-001185,3977.717651198087
TE-001186,2694.7056485716344
TE-001187,4402.407175914372
TE-001188,2876.652594040793
TE-001189,2169.659441092665
TE-001190,1030.4474676731425
TE-001191,4871.2523108543755
TE-001192,995.2154457694471
TE-001193,930.2942935236779
TE-001194,1271.2775841949965
TE-001195,494.19324008960257
TE-001196,1947.23150673576
TE-001197,1829.8460800003693
TE-001198,2603.9056077078317
TE-001199,2657.2348798924704
TE-001200,2166.1189655969324
TE-001201,1692.6037654035063
TE-001202,859.2356002562874
TE-001203,4758.902659945221
TE-001204,1447.9278302939688
TE-001205,2415.930003699479
TE-001206,2636.210135697442
TE-001207,794.9846272090467
TE-001208,3250.798698769854
TE-001209,984.6884365926312
TE-001210,5535.768890315099
TE-001211,1661.4156525938888
TE-001212,1737.8355834692022
TE-001213,4003.759116103478
TE-001214,774.9800323480097
TE-001215,489.5350123117155
TE-001216,5808.0845319765385
TE-001217,4130.1539253582705
TE-001218,3983.893852635146
TE-001219,4052.5029136196877
TE-001220,1748.0967001798344
TE-001221,314.23964009515953
TE-001222,1214.9158840885875
TE-001223,2680.402855536331
TE-001224,789.9397538219584
TE-001225,2598.420364475474
TE-001226,1602.0119581480872
TE-001227,859.9646329192005
TE-001228,4962.378520559539
TE-001229,5238.645092549157
TE-001230,1027.0322670058
TE-001231,3365.31526433439
TE-001232,454.3896601994113
TE-001233,4379.813075588287
TE-001234,4222.576394055217
TE-001235,1743.5420130835023
TE-001236,1176.7279485221493
TE-001237,3819.626556989201
TE-001238,2324.3793896193565
TE-001239,2651.196643744978
TE-001240,2125.699239023941
TE-001241,5509.284061452572
TE-001242,1109.4258653402267
TE-001243,5001.6062785513595
TE-001244,2706.009288758468
TE-001245,1382.948833791078
TE-001246,2052.900720339802
TE-001247,5541.800594778168
TE-001248,1426.8072094631293
TE-001249,4602.038063790469
TE-001250,1726.5321574561224
TE-001251,2618.253545135255
TE-001252,2746.899167357914
TE-001253,2556.227070851356
TE-001254,1076.1133514222456
TE-001255,2047.2780939634818
TE-001256,1147.0305766505044
TE-001257,2548.163489518809
TE-001258,3946.4168181399873
TE-001259,3397.961761593464
TE-001260,2295.050261634605
TE-001261,4018.6828114392893
TE-001262,3321.0229927237137
TE-001263,2101.5850044743397
TE-001264,4128.2324164228185
TE-001265,898.4776301342727
TE-001266,5941.648021621775
TE-001267,2511.8094281647864
TE-001268,834.4698318928515
TE-001269,2596.5241562018723
TE-001270,1353.258876707725
TE-001271,383.8995284222344
TE-001272,1431.2174048347317
TE-001273,1460.3535081986122
TE-001274,2130.1888163053645
TE-001275,1943.4574975779271
TE-001276,1410.2067404962095
TE-001277,2997.499645115825
TE-001278,1840.2533669361503
TE-001279,1985.2190901420063
TE-001280,485.8300705742224
TE-001281,1751.1728363747673
TE-001282,5127.163915104852
TE-001283,2825.8063602718735
TE-001284,914.6394299523683
TE-001285,1713.5682080574452
TE-001286,276.4798617460158
TE-001287,3139.5776889549356
TE-001288,2550.40197446219
TE-001289,2050.1973638185373
TE-001290,3200.76762237948
TE-001291,3360.745965715112
TE-001292,5228.658801101359
TE-001293,1578.357152739867
TE-001294,651.0997175259013
TE-001295,1886.8881235871745
TE-001296,3420.0169789851343
TE-001297,3922.9617318281253
TE-001298,3334.5072954144653
TE-001299,2907.2697406794264
TE-001300,2512.0052570869375
TE-001301,2011.4076617331389
TE-001302,1379.8961304474599
TE-001303,2559.802933474738
TE-001304,5565.751900580107
TE-001305,546.404313772116
TE-001306,1424.176717251269
TE-001307,2045.9602242049334
TE-001308,3170.8742176057704
TE-001309,2664.7181837327666
TE-001310,1168.7653000147839
TE-001311,4721.099937425419
TE-001312,2925.0895591629032
TE-001313,5092.077310202601
TE-001314,1776.8682109450128
TE-001315,1262.4411459198827
TE-001316,4237.875941914492
TE-001317,1743.134963931536
TE-001318,3673.5661579009466
TE-001319,3324.485818551191
TE-001320,3027.5561673543198
TE-001321,4460.385716583105
TE-001322,2446.6309860127376
TE-001323,826.8406498266017
TE-001324,1607.738813896297
TE-001325,1987.05978258587
TE-001326,1128.8034666215938
TE-001327,1646.929947485427
TE-001328,4253.866774426939
TE-001329,3303.4821973676417
TE-001330,2329.9674013553636
TE-001331,3874.2130068569077
TE-001332,453.39062982190535
TE-001333,2828.098267423705
TE-001334,1803.6268327134053
TE-001335,2019.7007910708685
TE-001336,4089.269491158635
TE-001337,1707.1899852884999
TE-001338,1026.1890595473737
TE-001339,4292.361574279208
TE-001340,1211.0711474678214
TE-001341,1301.095704680293
TE-001342,4372.081698757789
TE-001343,1978.8624142094345
TE-001344,5991.418982249921
TE-001345,2866.550831372754
TE-001346,1658.4163524162718
TE-001347,4520.642235209591
TE-001348,5006.826705729329
TE-001349,3479.8694596194464
TE-001350,2702.5856984489697
TE-001351,936.612403976545
TE-001352,870.054226601136
TE-001353,1570.1013294846061
TE-001354,861.5931909697899
TE-001355,1302.7231968963265
TE-001356,4006.6493665010503
TE-001357,3209.7690976359454
TE-001358,1473.9271503542423
TE-001359,1744.9834899393259
TE-001360,938.825389015223
TE-001361,3450.3128834402164
TE-001362,4277.626428134012
TE-001363,4963.563331971245
TE-001364,1003.0374468000555
TE-001365,1121.0956230912973
TE-001366,1654.6122034823775
TE-001367,876.2409879625611
TE-001368,2490.8207018488697
TE-001369,2097.4925342915362
TE-001370,2464.4066084330993
TE-001371,3026.9136624382113
TE-001372,4019.4180308006344
TE-001373,1576.3747375652513
TE-001374,2605.0724643090566
TE-001375,4145.040966557652
TE-001376,795.7490752767278
TE-001377,2919.1303948974196
TE-001378,1766.7149746785565
TE-001379,2001.7138021132914
TE-001380,2025.3701040546923
TE-001381,663.5930832084287
TE-001382,495.2171139607419
TE-001383,1220.3403570871365
TE-001384,1826.0779251949537
TE-001385,3180.0095506486414
TE-001386,1605.7179499445194
TE-001387,3844.198407279727
TE-001388,4423.478913844698
TE-001389,1214.064188275975
TE-001390,2324.7194471289667
TE-001391,929.328267401052
TE-001392,776.2670728629639
TE-001393,1898.6282228863395
TE-001394,1295.9905868280944
TE-001395,3525.177981592603
TE-001396,1857.006662098212
TE-001397,4668.5498934485895
TE-001398,2438.620204921218
TE-001399,4127.1848694088985
TE-001400,1923.343495616901
TE-001401,3992.59413658504
TE-001402,778.9179961879597
TE-001403,2440.142625861814
TE-001404,547.9925702589735
TE-001405,4078.890669924073
TE-001406,1505.1367559741861
TE-001407,2199.3289583338073
TE-001408,4548.664603926056
TE-001409,474.80749382827526
TE-001410,884.9321778889796
TE-001411,2613.9512748341185
TE-001412,910.845021895858
TE-001413,4161.172424461425
TE-001414,2915.5344729402004
TE-001415,1887.7379946777946
TE-001416,1590.0004351155858
TE-001417,1384.5058411140415
TE-001418,3565.868920119453
TE-001419,2618.1956018727506
TE-001420,2649.397805926414
TE-001421,1546.7290750095876
TE-001422,1596.4695454388607
TE-001423,3811.571408633322
TE-001424,4385.597171936444
TE-001425,3018.739439624439
TE-001426,2434.5003944475297
TE-001427,2036.1459666117992
TE-001428,3278.7464673867144
TE-001429,911.4904861475616
TE-001430,867.579521488407
TE-001431,981.7395515137157
TE-001432,1081.4904304228223
TE-001433,2889.8366985006196
TE-001434,245.76261769173175
TE-001435,1584.1785157400202
TE-001436,3839.4759006203444
TE-001437,2411.0940775666886
TE-001438,3046.753207012186
TE-001439,5777.24210516196
TE-001440,5196.122261435945
TE-001441,1606.1111204166696
TE-001442,1106.9528403344248
TE-001443,4203.070564146336
TE-001444,4214.887780325642
TE-001445,746.1176788018392
TE-001446,1023.1103892901236
TE-001447,4135.869337625889
TE-001448,2795.092690913566
TE-001449,1205.9357797654534
TE-001450,1882.4531489904314
TE-001451,1061.1207105052342
TE-001452,1999.1254829467157
TE-001453,1874.0376804382977
TE-001454,3881.555815607233
TE-001455,2596.4681047855465
TE-001456,1340.715528139151
TE-001457,367.07667907635914
TE-001458,2260.2734274444683
TE-001459,3201.392448461964
TE-001460,3227.479232321077
TE-001461,1216.6235965074975
TE-001462,3316.3807762051156
TE-001463,1844.7773842484767
TE-001464,2376.929554427145
TE-001465,1509.4108878503198
TE-001466,3922.9112473060854
TE-001467,2522.1082845033334
TE-001468,2153.1524876592243
TE-001469,4630.194471412706
TE-001470,3691.551681170451
TE-001471,3913.68218248044
TE-001472,785.4927863849591
TE-001473,2391.054462705898
TE-001474,1349.9203668293367
TE-001475,3638.596839165939
TE-001476,858.5943824646004
TE-001477,843.829703797798
TE-001478,1953.2718757086864
TE-001479,1962.5638722543636
TE-001480,2417.090869942759
TE-001481,1647.946320389555
TE-001482,1426.4568602724469
TE-001483,1908.348413490823
TE-001484,2347.5380280490854
TE-001485,1643.3065241546633
TE-001486,2496.9688527871667
TE-001487,4132.759851406746
TE-001488,2108.569842456834
TE-001489,1490.4978326025976
TE-001490,1422.9573129655107
TE-001491,2978.499452151571
TE-001492,2206.7403811671934
TE-001493,4142.0394583343295
TE-001494,3046.3776532869083
TE-001495,2780.4240940915006
TE-001496,1989.0554410592847
TE-001497,1349.5505756831274
TE-001498,816.4770380081629
TE-001499,3494.3083608738407
TE-001500,774.3607835828918
TE-001501,3003.0187737122187
TE-001502,1789.6800607906625
TE-001503,993.8543477803196
TE-001504,1016.5313035141118
TE-001505,1282.8479715177255
TE-001506,2872.812666098923
TE-001507,4795.736853678698
TE-001508,1930.1962772075938
TE-001509,1457.4546095941505
TE-001510,1860.267750626104
TE-001511,3818.804470266926
TE-001512,1644.6291826781437
TE-001513,2851.3661130704195
TE-001514,1507.67191803702
TE-001515,2503.612831207214
TE-001516,3660.451762735664
TE-001517,1359.241028996161
TE-001518,2621.5306682053283
TE-001519,2867.540013986505
TE-001520,884.8220527311628
TE-001521,2960.4354722164762
TE-001522,3703.471047741745
TE-001523,969.9099993784403
TE-001524,3773.664659153401
TE-001525,610.7948574911359
TE-001526,3985.998240212346
TE-001527,4250.911377996548
TE-001528,1709.9394087554406
TE-001529,1709.0668993641723
TE-001530,770.3754582332119
TE-001531,2971.585845132909
TE-001532,832.0143417703132
TE-001533,3539.4446873474535
TE-001534,4598.829278262815
TE-001535,1321.8497100831023
TE-001536,919.3024897700798
TE-001537,2169.002950951506
TE-001538,3227.749281680672
TE-001539,1994.7091105000643
TE-001540,1608.1476558191348
TE-001541,1792.3794254972902
TE-001542,3752.373888915735
TE-001543,2703.273962702051
TE-001544,5594.045404397668
TE-001545,1553.6673483146733
TE-001546,1809.0576531544057
TE-001547,2919.5647639085682
TE-001548,263.6899582302417
TE-001549,2848.6448636523505
TE-001550,4853.314433792661
TE-001551,1319.3785137739658
TE-001552,4059.685982251712
TE-001553,4310.7422334327
TE-001554,1213.9517140638236
TE-001555,5617.200874340981
TE-001556,2182.535765671517
TE-001557,4807.164928854004
TE-001558,2639.3421250970114
TE-001559,1117.3423278008559
TE-001560,1603.6184888838693
TE-001561,2616.847162500118
TE-001562,783.4215217023004
TE-001563,3733.2185995726268
TE-001564,3873.2900986662708
TE-001565,2185.9321202742585
TE-001566,4953.937585202209
TE-001567,2410.1870855943766
TE-001568,1208.732076884997
TE-001569,1532.4316351063019
TE-001570,2205.5444633281422
TE-001571,804.1229146140247
TE-001572,2286.4491777243657
TE-001573,3449.2755209049046
TE-001574,732.7195791675899
TE-001575,3236.610193264815
TE-001576,5216.148311044915
TE-001577,1338.9154422827492
TE-001578,4130.398065472287
TE-001579,3972.649079360174
TE-001580,2793.2936436917435
TE-001581,1163.9467270911482
TE-001582,1577.319977494656
TE-001583,3686.1913027638566
TE-001584,1725.0615348829965
TE-001585,1370.2149857278814
TE-001586,924.5165733923116
TE-001587,2176.913827632349
TE-001588,2026.502902394661
TE-001589,3203.890878425311
TE-001590,4604.123787633991
TE-001591,744.2201850831473
TE-001592,895.8543482702053
TE-001593,3536.0279728918053
TE-001594,3768.9728314773356
TE-001595,1253.5045187795267
TE-001596,2871.032565471301
TE-001597,2444.056958938445
TE-001598,1836.4209827020286
TE-001599,1699.44050779809
TE-001600,1738.9085083711188
TE-001601,5069.504646355517
TE-001602,3154.594974221419
TE-001603,4640.526577946801
TE-001604,796.5153939696206
TE-001605,2172.93997398049
TE-001606,256.85267799899634
TE-001607,1799.3877911352042
TE-001608,4173.119038878585
TE-001609,4010.371613880031
TE-001610,3034.706475801876
TE-001611,3383.934598552858
TE-001612,5310.543770643333
TE-001613,2365.8285450944863
TE-001614,4337.777857788355
TE-001615,1092.7074334645129
TE-001616,748.4037005818755
TE-001617,4535.222889621247
TE-001618,770.6483107715649
TE-001619,1216.5705440564457
TE-001620,1586.4372908513967
TE-001621,1686.214257898495
TE-001622,393.99481323962823
TE-001623,5683.1069599962975
TE-001624,1412.9968926671436
TE-001625,3586.0596823937976
TE-001626,2614.082485077321
TE-001627,4451.015667712615
TE-001628,341.6259139768556
TE-001629,1326.6202729195106
TE-001630,646.3201004495734
TE-001631,1319.4907349764276
TE-001632,1615.0441823703661
TE-001633,2245.8031547157775
TE-001634,4857.319333621472
TE-001635,453.78291603355547
TE-001636,959.9041237718297
TE-001637,4800.7202264183625
TE-001638,591.4666906873238
TE-001639,741.5899775816326
TE-001640,1108.030933233591
TE-001641,2325.40279835261
TE-001642,1680.7590811716339
TE-001643,1648.0309818111411
TE-001644,5384.066999373901
TE-001645,436.6595615458284
TE-001646,1681.4747798034455
TE-001647,727.1822103228435
TE-001648,605.1095795624844
TE-001649,3111.0435893635863
TE-001650,3253.636787189066
TE-001651,1408.8151901718074
TE-001652,1052.333253263892
TE-001653,1076.0895070890388
TE-001654,1539.9297324765553
TE-001655,1033.4653026234037
TE-001656,1854.1541218816537
TE-001657,1927.9116679588024
TE-001658,2007.0730746041909
TE-001659,633.3268058515068
TE-001660,1063.5143394296185
TE-001661,3208.2340901570387
TE-001662,557.0450345294139
TE-001663,1422.3737246803603
TE-001664,211.71974951683092
TE-001665,3786.790092152505
TE-001666,934.1682155182032
TE-001667,635.2220512322247
TE-001668,983.2686907488917
TE-001669,1596.9145337492673
TE-001670,1325.811253407126
TE-001671,1261.0823183711827
TE-001672,2194.0295154345977
TE-001673,775.0149564850831
TE-001674,1306.2971788501202
TE-001675,295.237374220776
TE-001676,3255.328459433221
TE-001677,2088.9421034024413
TE-001678,2090.0838110214518
TE-001679,1702.0519537211433
TE-001680,2789.3802199681304
TE-001681,674.3240103628282
TE-001682,1832.0692386511832
TE-001683,2694.5656716964186
TE-001684,4504.448921318116
TE-001685,686.5040416074846
TE-001686,3299.8794497049503
TE-001687,841.9632799529813
TE-001688,5237.2570240832865
TE-001689,1056.5958395256414
TE-001690,2460.3178530878276
TE-001691,2435.6673952437486
TE-001692,1595.9998411649785
TE-001693,4549.557203808595
TE-001694,3656.322380903868
TE-001695,2632.1882790333393
TE-001696,798.8490646750872
TE-001697,1424.1441655104034
TE-001698,1555.9459828532913
TE-001699,1443.0463467343238
TE-001700,1147.9742997589874
TE-001701,3162.6030085694038
TE-001702,4105.993631896683
TE-001703,2601.9473509515624
TE-001704,4613.096613066356
TE-001705,4278.697796140054
TE-001706,2130.231430667217
TE-001707,2343.848725780053
TE-001708,3410.6390590289984
TE-001709,1078.7093451011797
TE-001710,870.113457023487
TE-001711,3837.7278043025426
TE-001712,1448.620811962014
TE-001713,1318.2518470813202
TE-001714,4325.031054154185
TE-001715,1121.8503956906507
TE-001716,1019.7014893224514
TE-001717,3974.2871134063903
TE-001718,307.85953469160813
TE-001719,4797.311756117719
TE-001720,4825.763986610915
TE-001721,5389.692803295744
TE-001722,3918.1896202123444
TE-001723,3849.4006124201796
TE-001724,1581.9975857046547
TE-001725,987.4069026176528
TE-001726,1365.3271607547777
TE-001727,1545.992190304779
TE-001728,2514.295611349513
TE-001729,2580.7923235818876
TE-001730,1037.9217088329656
TE-001731,4345.172254097832
TE-001732,2381.980673147914
TE-001733,1160.948990827529
TE-001734,2226.9057089806693
TE-001735,580.1716782246044
TE-001736,3024.543522811791
TE-001737,1000.983565069756
TE-001738,3911.125802823505
TE-001739,1162.3640678266565
TE-001740,1216.0063948299085
TE-001741,1149.594380877139
TE-001742,2294.9875514297537
TE-001743,1206.4243662415079
TE-001744,1971.9808000473038
TE-001745,1340.6171274053745
TE-001746,1730.8250967884865
TE-001747,1390.7050164574252
TE-001748,1501.9426478035275
TE-001749,2359.334708232046
TE-001750,2221.52744304824
TE-001751,1395.286240992311
TE-001752,4436.860425773231
TE-001753,533.3058965282951
TE-001754,5898.736548119079
TE-001755,2005.8285084544334
TE-001756,4209.197882118612
TE-001757,5527.766756041264
TE-001758,1392.984922966254
TE-001759,853.390367302447
TE-001760,1732.5674203763424
TE-001761,1458.4737852951355
TE-001762,1757.4846612615306
TE-001763,931.6884190707362
TE-001764,223.4113466147394
TE-001765,1008.0096208734838
TE-001766,1481.987273051836
TE-001767,1871.4904943978088
TE-001768,1837.64694156018
TE-001769,4842.642897334497
TE-001770,929.6187125017941
TE-001771,2191.750169720444
TE-001772,2193.0763743961375
TE-001773,1485.4834525008105
TE-001774,2864.6444736410426
TE-001775,1685.4665046798561
TE-001776,2743.22095319318
TE-001777,3228.536207297399
TE-001778,1566.2317016051538
TE-001779,3009.494759272839
TE-001780,545.3422381362861
TE-001781,5463.360798792783
TE-001782,4010.5005095104243
TE-001783,1240.4532905290573
TE-001784,2432.5588390504586
TE-001785,3000.1827221338544
TE-001786,843.3523465540961
TE-001787,876.1737441023408
TE-001788,3301.0230022528704
TE-001789,3151.3963180548913
TE-001790,4100.217774039387
TE-001791,1032.2269285840937
TE-001792,2454.5564741463454
TE-001793,1550.9574954792317
TE-001794,2842.620528097607
TE-001795,1878.9307058555578
TE-001796,2766.005188919111
TE-001797,1513.295598861998
TE-001798,4909.116025446648
TE-001799,2691.896729736285
TE-001800,5641.087159140542
TE-001801,2932.3092510404167
TE-001802,2344.4179560622624
TE-001803,1374.4910554648811
TE-001804,1095.7432607093253
TE-001805,1618.2224559657388
TE-001806,3334.51143546267
TE-001807,4224.876859803742
TE-001808,4005.1562834952906
TE-001809,473.9480329705998
TE-001810,2921.481805368163
TE-001811,887.9423742257577
TE-001812,722.0776738703021
TE-001813,1037.239912287534
TE-001814,4051.0378826620654
TE-001815,1670.5083751361758
TE-001816,3367.559509939423
TE-001817,1785.4294350623554
TE-001818,6033.2154023813555
TE-001819,2450.2219573217376
TE-001820,1371.5683304333188
TE-001821,4151.460721751639
TE-001822,5219.606659404586
TE-001823,5679.6411524555315
TE-001824,3222.336886606299
TE-001825,668.6879775417303
TE-001826,1169.4275871904179
TE-001827,347.9048117673133
TE-001828,4469.662417108515
TE-001829,255.53393373564018
TE-001830,4380.249248573724
TE-001831,772.0225928564116
TE-001832,674.7520813215751
TE-001833,4961.713070336178
TE-001834,854.6599497701961
TE-001835,3031.5757113892814
TE-001836,1438.1499796879646
TE-001837,3716.348218194459
TE-001838,3286.142669916868
TE-001839,2098.326088613061
TE-001840,1573.1232468137507
TE-001841,305.2709838341509
TE-001842,4721.844254031099
TE-001843,2207.087825831978
TE-001844,5111.605127391083
TE-001845,2181.54387041503
TE-001846,3217.2096897552474
TE-001847,1256.0146032465268
TE-001848,3955.6447398939463
TE-001849,3174.8246882651074
TE-001850,4504.269781017378
TE-001851,4499.007534536865
TE-001852,1633.776337191813
TE-001853,5389.136464703041
TE-001854,664.967505458684
TE-001855,1469.038664030959
TE-001856,5289.1976922082595
TE-001857,1332.303186001104
TE-001858,958.7982643676903
TE-001859,3564.1227590024646
TE-001860,1439.213330272944
TE-001861,1934.7705442926456
TE-001862,1116.2330407587629
TE-001863,440.04434878853
TE-001864,4159.025561891989
TE-001865,728.2571315223106
TE-001866,1849.8875974575371
TE-001867,1878.7398973609893
TE-001868,4739.942072095826
TE-001869,1830.0060667917542
TE-001870,1226.8974593739717
TE-001871,1162.1397687792796
TE-001872,4021.633025603859
TE-001873,5405.024376951456
TE-001874,1350.8338847432879
TE-001875,2611.040745471756
TE-001876,2014.7819270882796
TE-001877,1576.0808535660062
TE-001878,1344.5578518337052
TE-001879,4044.8998341350743
TE-001880,556.4082508308454
TE-001881,1223.444442368348
TE-001882,2867.5174101805014
TE-001883,4721.733620990275
TE-001884,356.699569623456
TE-001885,1056.683156377271
TE-001886,1387.1683742490372
TE-001887,444.69886530605777
TE-001888,4669.0107005176005
TE-001889,1665.0315883794729
TE-001890,1597.3851773118324
TE-001891,2095.4693132249076
TE-001892,2881.818556144048
TE-001893,777.9752229709034
TE-001894,1412.4801204236705
TE-001895,3089.5051684633736
TE-001896,1558.2196452388248
TE-001897,2605.2013661685064
TE-001898,1744.4301373831408
TE-001899,2388.0327790972074
TE-001900,4000.259994830285
TE-001901,1496.0165925099209
TE-001902,1348.0132573966466
TE-001903,2647.1545709559887
TE-001904,1675.6715157102965
TE-001905,3954.9585526639767
TE-001906,3801.7486819380883
TE-001907,2357.460809902304
TE-001908,2232.1802949256953
TE-001909,998.9029394422828
TE-001910,1496.7375278791396
TE-001911,833.7138718284432
TE-001912,4100.365850513523
TE-001913,1311.211146476146
TE-001914,3588.539701729895
TE-001915,557.6443555226108
TE-001916,1301.7079054889923
TE-001917,2877.9136243234716
TE-001918,1099.4917028660457
TE-001919,940.7224158634963
TE-001920,1385.268153323524
TE-001921,4109.979045018673
TE-001922,3932.326490824463
TE-001923,1523.1394369769164
TE-001924,1662.2343455531663
TE-001925,857.3477060140872
TE-001926,2025.8044972596372
TE-001927,1990.7540544239405
TE-001928,3163.398547607514
TE-001929,2082.0538366791357
TE-001930,773.943845169548
TE-001931,1408.743767305456
TE-001932,1131.8618488674133
TE-001933,2870.5344410898806
TE-001934,1618.1140630163266
TE-001935,581.4952380352074
TE-001936,4117.720247933294
TE-001937,1859.0355968524054
TE-001938,3690.4121867258937
TE-001939,561.3847790202324
TE-001940,4102.047082168445
TE-001941,3495.1297125495903
TE-001942,1062.4376192926597
TE-001943,606.6560108208232
TE-001944,4968.669693148658
TE-001945,4314.028682742968
TE-001946,1921.6682228142836
TE-001947,973.421117051895
TE-001948,1267.276236606163
TE-001949,2465.451792178048
TE-001950,1576.3271771016437
TE-001951,1663.4130351371584
TE-001952,754.9709086284797
TE-001953,1786.0732255986447
TE-001954,5654.189016706471
TE-001955,1021.423886438012
TE-001956,2177.4791734521687
TE-001957,2023.7486772583873
TE-001958,4126.073459857184
TE-001959,3562.494143100528
TE-001960,1389.1915287697661
TE-001961,1147.4119462464841
TE-001962,2548.049219836129
TE-001963,1727.0877420215188
TE-001964,2870.646192866492
TE-001965,5318.394053772025
TE-001966,760.0162360699651
TE-001967,3642.622553079321
TE-001968,2322.689629803507
TE-001969,822.4751366519749
TE-001970,799.341962602774
TE-001971,1762.6725860934016
TE-001972,1137.4407392859148
TE-001973,4537.213879480214
TE-001974,1095.8910802075552
TE-001975,888.1209021652455
TE-001976,1971.2387280973592
TE-001977,1298.7767088434236
TE-001978,1723.3345154762405
TE-001979,2698.8661922892193
TE-001980,1068.8826734800014
TE-001981,824.7138085791357
TE-001982,859.0990120436093
TE-001983,5820.552558827065
TE-001984,4731.536283364937
TE-001985,2593.465964902677
TE-001986,385.90553807497395
TE-001987,849.0813719293017
TE-001988,2094.933867391546
TE-001989,2520.3149742093365
TE-001990,492.36579813617186
TE-001991,2314.216599210524
TE-001992,1675.6466540961233
TE-001993,520.6936314966981
TE-001994,4238.8708324033805
TE-001995,419.3389454265234
TE-001996,3740.9071415080857
TE-001997,1036.77252578343
TE-001998,2565.346061208706
TE-001999,5523.649830827077
TE-002000,3441.799257988955
TE-002001,4795.412246675625
TE-002002,954.116621750178
TE-002003,2314.606038023382
TE-002004,3275.797984284023
TE-002005,2490.252391556672
TE-002006,1456.2075967338892
TE-002007,2140.0782430343897
TE-002008,2126.57166213237
TE-002009,264.48946270203396
TE-002010,2126.9020772334698
TE-002011,2891.5228128804915
TE-002012,1724.5913312022649
TE-002013,2176.8302936212276
TE-002014,1440.5488809447047
TE-002015,4065.617218040342
TE-002016,2162.5581622124305
TE-002017,2499.4926008748803
TE-002018,1074.3175057415538
TE-002019,765.0084955165769
TE-002020,988.7747595605781
TE-002021,1373.4898278311075
TE-002022,555.3226152788598
TE-002023,2449.007709991237
TE-002024,1948.5490416972998
TE-002025,2024.0780093328744
TE-002026,2083.070870520919
TE-002027,1297.6201244351944
TE-002028,3525.069117035021
TE-002029,1000.0849662902419
TE-002030,4718.867619536597
TE-002031,5739.0122438556955
TE-002032,1468.3954455419675
TE-002033,638.2209488434098
TE-002034,1184.4721565031996
TE-002035,1088.0828229220815
TE-002036,3177.5273106452587
TE-002037,1303.4193698611343
TE-002038,4295.857078983565
TE-002039,2121.3055989858376
TE-002040,542.4304073246306
TE-002041,1760.2971527854618
TE-002042,4076.797152040203
TE-002043,221.6495182297665
TE-002044,1889.4997197678977
TE-002045,3722.2522029536553
TE-002046,1321.5445157914735
TE-002047,2025.5610632326234
TE-002048,3042.14006482433
TE-002049,1154.4550253188509
TE-002050,1333.9416872994207
TE-002051,2325.545039641803
TE-002052,2013.4980199734805
TE-002053,3877.4216655774026
TE-002054,268.80744703187156
TE-002055,3762.40663316455
TE-002056,3795.1958457994124
TE-002057,4029.1187312394345
TE-002058,2079.8843133770706
TE-002059,552.7754479909056
TE-002060,4135.677628106054
TE-002061,4074.0047230730934
TE-002062,1625.5159228944092
TE-002063,3114.8354300949068
TE-002064,3974.164601386495
TE-002065,1263.036171874167
TE-002066,3444.66154949095
TE-002067,4071.2725997503626
TE-002068,3373.1547429755356
TE-002069,5623.974553800694
TE-002070,2474.751448983692
TE-002071,2954.8584559342507
TE-002072,2246.3253866209857
TE-002073,3882.62507695057
TE-002074,5095.567712704447
TE-002075,3184.9959097281235
TE-002076,888.3755238651931
TE-002077,1908.2809846773866
TE-002078,3773.641956467688
TE-002079,2319.6287038451733
TE-002080,1683.9330753755305
TE-002081,2390.7330790055785
TE-002082,2143.9550299220823
TE-002083,5305.750842319403
TE-002084,3384.6188199868247
TE-002085,3318.6475424093564
TE-002086,3186.355280856117
TE-002087,1154.2450095559434
TE-002088,2295.4979947091465
TE-002089,1163.0631517182555
TE-002090,1682.768253130473
TE-002091,5395.228638565231
TE-002092,2151.1779132115867
TE-002093,3510.2703336595187
TE-002094,2498.126525530084
TE-002095,823.6599602925123
TE-002096,2179.372823841647
TE-002097,2600.7058297315048
TE-002098,1623.004202231556
TE-002099,4297.581732908604
TE-002100,2649.25717847725
TE-002101,4294.402054790102
TE-002102,1616.9496504831727
TE-002103,1403.1087849956339
TE-002104,3511.1702484560165
TE-002105,1879.6056445781173
TE-002106,871.6426754049887
TE-002107,3006.2047595702456
TE-002108,1277.6385296341057
TE-002109,2418.4658244455327
TE-002110,1117.841977731462
TE-002111,1662.2218511692301
TE-002112,1587.865380679323
TE-002113,1283.9196375488514
TE-002114,4214.862028757219
TE-002115,1385.4589373991419
TE-002116,2903.933962192611
TE-002117,3910.465981422742
TE-002118,767.841917867788
TE-002119,603.3459332974937
TE-002120,2077.0913710561426
TE-002121,3633.0887721522968
TE-002122,1901.4831613930724
TE-002123,4182.253757001569
TE-002124,4273.7326264227895
TE-002125,5542.314498279478
TE-002126,708.4422179657752
TE-002127,1109.4339872629484
TE-002128,789.6963231368588
TE-002129,1704.3155715740174
TE-002130,3223.1759868750214
TE-002131,4380.35257593903
TE-002132,764.2077759911765
TE-002133,5127.099044852834
TE-002134,1107.5453267887724
TE-002135,1615.0744470373234
TE-002136,1837.4129569958377
TE-002137,2171.8122620764507
TE-002138,1851.1505959656222
TE-002139,4222.972655523845
TE-002140,4661.992557850523
TE-002141,820.4080448597538
TE-002142,2329.2216059812263
TE-002143,3190.900796104826
TE-002144,1977.232661665034
TE-002145,1516.0198949368219
TE-002146,1666.9963659385828
TE-002147,1570.893359447301
TE-002148,1789.7705037747942
TE-002149,980.9905907410982
TE-002150,3013.025696654542
TE-002151,1340.034998139682
TE-002152,1311.7957285441075
TE-002153,3262.177412524443
TE-002154,1551.9460245225223
TE-002155,608.5043758313861
TE-002156,498.4832742233491
TE-002157,3540.31890137967
TE-002158,1069.7119153414678
TE-002159,4846.858358853822
TE-002160,5285.5973822197775
TE-002161,4896.251515922486
TE-002162,2495.584957276974
TE-002163,3759.370530699617
TE-002164,4282.136649106259
TE-002165,2212.0812547939795
TE-002166,3272.306800112152
TE-002167,2054.1909162859
TE-002168,2004.0463638307638
TE-002169,2224.988795884212
TE-002170,4231.938717437508
TE-002171,2149.595903825324
TE-002172,497.7586361013498
TE-002173,801.5844308120118
TE-002174,1497.6090359629497
TE-002175,1162.5936789781617
TE-002176,1944.1556392862499
TE-002177,2599.036245327685
TE-002178,524.9961272307671
TE-002179,2069.253946616366
TE-002180,4503.840513088105
TE-002181,1870.6682025856385
TE-002182,1624.796426258857
TE-002183,4737.87729319804
TE-002184,1155.2998301847845
TE-002185,3430.9361386817936
TE-002186,4944.464764732918
TE-002187,2475.477568743697
TE-002188,883.2842167284191
TE-002189,2100.402658778528
TE-002190,2048.049398344403
TE-002191,3211.9305272256634
TE-002192,2541.16432503501
TE-002193,1154.165892923874
TE-002194,2137.6020023616798
TE-002195,1374.8607442233042
TE-002196,787.0980677496243
TE-002197,2880.76770181146
TE-002198,6297.3030738193165
TE-002199,1596.5295476401066
TE-002200,2005.2824199880679
TE-002201,1042.769111997705
TE-002202,2278.875528777092
TE-002203,3353.4037424674534
TE-002204,2653.300533018786
TE-002205,1551.5995984457882
TE-002206,933.3352421273003
TE-002207,1781.945738292257
TE-002208,1389.6459268828758
TE-002209,725.066225739019
TE-002210,921.1506928128238
TE-002211,1310.6841768138338
TE-002212,572.4220830030317
TE-002213,1189.286229771314
TE-002214,1781.9421257567449
TE-002215,2077.1017798026433
TE-002216,1247.9894910599858
TE-002217,2765.344400568485
TE-002218,3956.0050768395104
TE-002219,1593.4714532184314
TE-002220,4244.775673310128
TE-002221,1188.720934097124
TE-002222,2949.1460832057137
TE-002223,2016.8170067578242
TE-002224,2274.993915388348
TE-002225,1344.7256723125854
TE-002226,2550.708852550268
TE-002227,3505.875423941075
TE-002228,1147.8192683061452
TE-002229,2587.866510712496
TE-002230,3988.8642528426253
TE-002231,4054.267111062777
TE-002232,2357.988263431883
TE-002233,548.1619762561768
TE-002234,4443.577183524536
TE-002235,2023.7613512116736
TE-002236,1000.3694016289253
TE-002237,5955.34234515657
TE-002238,4841.690177037329
TE-002239,1934.7133762480669
TE-002240,3964.767073354667
TE-002241,4342.498806106585
TE-002242,2114.2952225052004
TE-002243,2853.252650847013
TE-002244,2418.1461647621363
TE-002245,1835.039770319379
TE-002246,2837.6364234187586
TE-002247,390.81533466528685
TE-002248,1525.941859827819
TE-002249,1806.3784199433217
TE-002250,3734.5005725404535
TE-002251,1841.8180474896953
TE-002252,1076.1542262024238
TE-002253,2923.3985539573027
TE-002254,4871.780613898193
TE-002255,2575.6714389099257
TE-002256,2183.5420022139365
TE-002257,3709.6294789253066
TE-002258,1401.2771957781347
TE-002259,4474.553354839231
TE-002260,3384.362572021064
TE-002261,1622.5708117179697
TE-002262,2375.4010173003526
TE-002263,2363.6689833251735
TE-002264,4342.890174217964
TE-002265,1559.3082762547726
TE-002266,2007.004921511633
TE-002267,3900.442571159916
TE-002268,5787.4471589055665
TE-002269,2705.6235741244122
TE-002270,1944.2014152996626
TE-002271,761.2600610616232
TE-002272,1145.6656535286093
TE-002273,868.5146215030818
TE-002274,4717.256394834851
TE-002275,3025.3888939891967
TE-002276,4906.256138716433
TE-002277,1878.162327869496
TE-002278,3341.1766740719004
TE-002279,2015.804779494358
TE-002280,5107.843304908934
TE-002281,1638.180019291857
TE-002282,1466.1543218634947
TE-002283,6151.829571556239
TE-002284,969.7073395238642
TE-002285,1601.9762017274923
TE-002286,4940.955287110908
TE-002287,1805.9021579300877
TE-002288,3582.093959111836
TE-002289,3389.4600391201297
TE-002290,2166.234210025109
TE-002291,3541.7082535264262
TE-002292,1581.394491933806
TE-002293,408.2973566143023
TE-002294,5063.867566198609
TE-002295,2239.221911898035
TE-002296,4180.630127078959
TE-002297,960.4560204695886
TE-002298,3541.340555439865
TE-002299,3708.7257343877236
TE-002300,2651.74970124052
TE-002301,1893.9737495015206
TE-002302,2537.118320522784
TE-002303,1636.5002023909924
TE-002304,3216.3659448303615
TE-002305,1481.5433461942587
TE-002306,1311.77953679335
TE-002307,1749.4239394275205
TE-002308,2174.074885199413
TE-002309,3394.8803691804806
TE-002310,1165.7613538475453
TE-002311,1943.7948821192622
TE-002312,1144.0348595758894
TE-002313,2613.23452867125
TE-002314,2130.611406321297
TE-002315,2175.9367829537664
TE-002316,4793.621488872836
TE-002317,1673.9906075984381
TE-002318,1417.465528600465
TE-002319,1575.2843855720173
TE-002320,1301.6782023176108
TE-002321,339.0616069180119
TE-002322,259.48924068175575
TE-002323,2623.308572925611
TE-002324,1268.8489024954142
TE-002325,2282.784372662072
TE-002326,5394.565289145687
TE-002327,3718.0127769113697
TE-002328,2454.9105106566453
TE-002329,1371.4679174170192
TE-002330,2346.6617768319766
TE-002331,1264.522216443489
TE-002332,1599.3540054501677
TE-002333,1441.7181857503879
TE-002334,2673.1512635382046
TE-002335,1146.0553642870555
TE-002336,2122.118623350101
TE-002337,4549.29428211373
TE-002338,3845.0775438585006
TE-002339,1920.795576462333
TE-002340,1677.3668275328985
TE-002341,996.7146851258226
TE-002342,1169.5159351396896
TE-002343,1132.2147709335768
TE-002344,1609.966419377314
TE-002345,6254.427441733457
TE-002346,3174.6132300529343
TE-002347,4094.2585525653144
TE-002348,755.528717129657
TE-002349,744.1573563068023
TE-002350,2585.674927143683
TE-002351,5254.294228087412
TE-002352,2069.5458959051766
TE-002353,4234.222214317701
TE-002354,1370.2364474303213
TE-002355,1727.6669478457095
TE-002356,3982.267466136108
TE-002357,3840.587925955312
TE-002358,3739.381886208681
TE-002359,392.1586952807961
TE-002360,2849.9088097276203
TE-002361,657.3553058252105
TE-002362,1921.1948367685047
TE-002363,1040.487144758147
TE-002364,2453.8378628166797
TE-002365,1000.8976766347744
TE-002366,3643.572842950181
TE-002367,1784.955721174831
TE-002368,2107.2793735778528
TE-002369,1446.4645958941508
TE-002370,1600.3754855695204
TE-002371,1379.7534701045884
TE-002372,1698.9141627898298
TE-002373,3238.560062524777
TE-002374,3478.611583006881
TE-002375,1811.8336289951037
TE-002376,1175.0311170238965
TE-002377,3585.683417870465
TE-002378,5285.713179801105
TE-002379,1281.273879856929
TE-002380,1100.028823788354
TE-002381,3147.3916541122735
TE-002382,1293.0027768841264
TE-002383,4808.578540288683
TE-002384,1838.3169941912163
TE-002385,2386.1958235842767
TE-002386,4340.1153719244485
TE-002387,3688.142010175227
TE-002388,2726.5363534393805
TE-002389,1312.1609612892735
TE-002390,2826.0066162759977
TE-002391,1184.0886283806692
TE-002392,3627.3768247003813
TE-002393,1871.3264195086265
TE-002394,1352.3066716705057
TE-002395,637.256679365242
TE-002396,1994.6644503881087
TE-002397,2620.550432846716
TE-002398,2011.643476080512
TE-002399,3805.261221354409
TE-002400,4290.890919964144
TE-002401,840.3766484893333
TE-002402,978.9388180166504
TE-002403,1166.789583503427
TE-002404,850.4854560699096
TE-002405,1168.4167908418249
TE-002406,1184.8771932614045
TE-002407,1249.9941641735868
TE-002408,1984.8837570884082
TE-002409,2304.1585831236152
TE-002410,1081.5352784625788
TE-002411,4374.420514333686
TE-002412,5736.714918828613
TE-002413,3076.5055499203504
TE-002414,1464.9869124415657
TE-002415,1842.5457178835984
TE-002416,997.9561980599362
TE-002417,5799.93482270883
TE-002418,1644.5810819081194
TE-002419,3886.492981519361
TE-002420,869.2364521272291
TE-002421,2735.568909973944
TE-002422,5100.879434823965
TE-002423,1752.686253980369
TE-002424,794.4679698425864
TE-002425,1804.661184364564
TE-002426,4674.58819851039
TE-002427,956.0526029412274
TE-002428,2228.7856454634775
TE-002429,4050.535985994928
TE-002430,2750.3821345611886
TE-002431,3103.3631153935935
TE-002432,943.6285241061787
TE-002433,923.0064689461999
TE-002434,1624.1897405267675
TE-002435,4475.61270241694
TE-002436,4423.848711624754
TE-002437,2099.0175942061023
TE-002438,1957.1637117550363
TE-002439,1189.4832934041792
TE-002440,726.9357739138045
TE-002441,1358.697066029304
TE-002442,2263.141579784957
TE-002443,2855.0140337621915
TE-002444,524.7655665175175
TE-002445,1526.4725646365318
TE-002446,3258.4182530003623
TE-002447,1581.2193765151849
TE-002448,2238.3090146968607
TE-002449,1494.2674302131095
TE-002450,890.1601193303604
TE-002451,5144.370874690675
TE-002452,1749.687664577241
TE-002453,4943.6873621110635
TE-002454,2100.0593610550004
TE-002455,4995.950568412383
TE-002456,1244.8551836320523
TE-002457,5546.1882476447145
TE-002458,2160.520070378306
TE-002459,4788.905788431517
TE-002460,3345.910188206766
TE-002461,954.8371717406294
TE-002462,4264.761166495856
TE-002463,2281.626524354855
TE-002464,5029.4705224118925
TE-002465,4287.985253822766
TE-002466,5215.445626005675
TE-002467,2183.3132658367113
TE-002468,1586.8377477599277
TE-002469,3889.175463300254
TE-002470,2830.3590358355923
TE-002471,1654.7926141499754
TE-002472,1512.1582721543186
TE-002473,837.3614123383454
TE-002474,1059.401028000646
TE-002475,1574.716605662108
TE-002476,1183.0304412321232
TE-002477,1613.3117289346892
TE-002478,1149.497252470229
TE-002479,2476.5536218283123
TE-002480,913.8489155312391
TE-002481,1319.874194284733
TE-002482,1611.0382391771475
TE-002483,5556.1724670312215
TE-002484,1385.0325360930067
TE-002485,1629.4497333008858
TE-002486,1493.0233792586073
TE-002487,1440.929380742819
TE-002488,1504.7122281041243
TE-002489,1817.276442016614
TE-002490,4427.976600866925
TE-002491,2254.4382783612355
TE-002492,1062.0973708336796
TE-002493,2694.9907280972666
TE-002494,3026.680814205467
TE-002495,3857.4344383788307
TE-002496,981.6684712361889
TE-002497,2475.712500785078
TE-002498,2203.9536702508644
TE-002499,5988.800290199253
TE-002500,3062.8959525498058
TE-002501,3612.0715925577956
TE-002502,961.3295485388348
TE-002503,2584.2872127882156
TE-002504,3332.8707327233124
TE-002505,704.708352379602
TE-002506,1904.4413378993293
TE-002507,2365.3946397077157
TE-002508,2649.6744834283877
TE-002509,4753.928792624932
TE-002510,1972.489837592925
TE-002511,1615.1991373433084
TE-002512,884.2458838002992
TE-002513,3821.4276830285944
TE-002514,4064.9046967959566
TE-002515,3800.2286163081953
TE-002516,5375.866255908
TE-002517,4148.537732779905
TE-002518,3080.9359283329886
TE-002519,4093.7529110791406
TE-002520,4091.926936797605
TE-002521,3746.8811199120264
TE-002522,873.9013122460144
TE-002523,2543.3927775991556
TE-002524,1798.7639120928063
TE-002525,2008.4356618927243
TE-002526,877.0341816167602
TE-002527,1652.0121483361472
TE-002528,2621.3800506298803
TE-002529,621.8802717729952
TE-002530,1265.7529750732167
TE-002531,1237.8066574883546
TE-002532,1033.7907868748089
TE-002533,4020.950426407554
TE-002534,1807.3600979596793
TE-002535,4488.381950815312
TE-002536,1811.6997791920055
TE-002537,3830.5218779233473
TE-002538,4953.781132262458
TE-002539,1555.1266176135564
TE-002540,3501.0652043842656
TE-002541,1374.1529061428444
TE-002542,1655.9242132932616
TE-002543,3377.675798156434
TE-002544,2664.232738388866
TE-002545,681.0786211737245
TE-002546,5435.010446670451
TE-002547,5404.093071324464
TE-002548,326.238063642518
TE-002549,2432.7097465728684
TE-002550,522.1497277784158
TE-002551,1958.9764363863305
TE-002552,2276.1164772775796
TE-002553,1634.5300949793655
TE-002554,5268.351014682838
TE-002555,1075.6995873954381
TE-002556,1092.0125281620485
TE-002557,1945.7492924220173
TE-002558,4049.1143879319125
TE-002559,3735.7029505659884
TE-002560,2813.5711871490507
TE-002561,845.5842002204029
TE-002562,2268.7001251939764
TE-002563,518.3906534828045
TE-002564,1327.6604333915575
TE-002565,2336.416133535446
TE-002566,1766.8414250975356
TE-002567,1599.5565384865001
TE-002568,3850.5780174458696
TE-002569,2568.2165486991425
TE-002570,3159.8489550077547
TE-002571,4385.211131466485
TE-002572,2727.496798246534
TE-002573,679.8795597411472
TE-002574,4599.5353229302
TE-002575,1444.510329340353
TE-002576,3080.595884967631
TE-002577,3283.710749479069
TE-002578,1136.734111609293
TE-002579,3385.0223657895535
TE-002580,5340.382905746346
TE-002581,3309.2316173317713
TE-002582,1960.256103865918
TE-002583,1853.7971795664728
TE-002584,2415.548905626727
TE-002585,2956.41983786959
TE-002586,3869.465959512202
TE-002587,1239.81268567453
TE-002588,524.2123440734492
TE-002589,958.9278362425162
TE-002590,3510.574624480694
TE-002591,2297.0361599511402
TE-002592,842.2435202842878
TE-002593,631.7252077696846
TE-002594,1217.7747708957097
TE-002595,2095.026173767925
TE-002596,3572.3581555113296
TE-002597,1050.855990934624
TE-002598,2832.758842181906
TE-002599,2335.8683121635163
TE-002600,3333.226631038293
TE-002601,909.8692697040972
TE-002602,5325.986691909608
TE-002603,2031.5686609232598
TE-002604,4774.298525355887
TE-002605,808.4299932878519
TE-002606,1362.9193189072616
TE-002607,1666.861032728754
TE-002608,4477.192843919547
TE-002609,3261.498906452633
TE-002610,1613.3793239303216
TE-002611,2574.1663287898064
TE-002612,2488.5953964347405
TE-002613,5916.982152475861
TE-002614,776.2688246461591
TE-002615,1559.81067142635
TE-002616,3288.1363671470453
TE-002617,2096.8431987888334
TE-002618,1282.2432264230251
TE-002619,1153.5932618292366
TE-002620,2507.0866248724124
TE-002621,1171.0559291702973
TE-002622,2128.469627010791
TE-002623,884.7254552080456
TE-002624,1595.4013347697007
TE-002625,2736.516697786157
TE-002626,402.15200393919554
TE-002627,1952.8326312958957
TE-002628,457.9429141949465
TE-002629,2994.880634267141
TE-002630,3971.8050930066715
TE-002631,768.7450236762049
TE-002632,253.02769422986398
TE-002633,1498.1864907241013
TE-002634,2182.368746362181
TE-002635,5231.8528980001465
TE-002636,1963.0604605523981
TE-002637,1457.675731069758
TE-002638,614.2166873942087
TE-002639,1843.0817112528944
TE-002640,2683.1526625649617
TE-002641,5208.482508098415
TE-002642,2688.8966920489092
TE-002643,3241.0377565448907
TE-002644,967.3250190885817
TE-002645,3190.9526828747903
TE-002646,1100.043348728347
TE-002647,1416.1723022631606
TE-002648,1840.1458037090933
TE-002649,3947.998226819208
TE-002650,1421.0925060127297
TE-002651,2733.0020736820456
TE-002652,1815.9744920443566
TE-002653,2946.7132780544207
TE-002654,1126.1413728553302
TE-002655,1745.0383227612153
TE-002656,1824.8670927218184
TE-002657,1978.4328540929828
TE-002658,4224.459604790059
TE-002659,1420.8044402787968
TE-002660,3360.4360054823537
TE-002661,1676.0209998532332
TE-002662,1956.0498907030953
TE-002663,791.2603509905623
TE-002664,5313.420278481192
TE-002665,2331.96754821919
TE-002666,1870.3438798994716
TE-002667,276.87299806717147
TE-002668,2964.779936082191
TE-002669,1669.9716748112503
TE-002670,1513.2322899933997
TE-002671,3550.2785463184946
TE-002672,518.4183813167544
TE-002673,3757.6800463327418
TE-002674,1699.2001904976798
TE-002675,2972.639356862085
TE-002676,5816.142041086008
TE-002677,1842.3617427887962
TE-002678,2794.620026009818
TE-002679,3920.161534538526
TE-002680,1740.4507084557624
TE-002681,539.0158148289445
TE-002682,5257.897688319512
TE-002683,1159.7837816885926
TE-002684,5957.610840832045
TE-002685,1342.570024173623
TE-002686,2816.127731668287
TE-002687,873.3728836983014
TE-002688,2645.362659366703
TE-002689,1884.8326050606452
TE-002690,1642.2650473764284
TE-002691,5197.327349372793
TE-002692,3891.799401430432
TE-002693,3028.1314093149467
TE-002694,1903.0069647561431
TE-002695,1283.8553646637865
TE-002696,1702.5184054529827
TE-002697,1033.3299152809764
TE-002698,1854.4910240562722
TE-002699,4756.679695153924
TE-002700,374.2045123000805
TE-002701,1887.6849682574516
TE-002702,4569.180024492265
TE-002703,2077.84001074224
TE-002704,537.1091820502768
TE-002705,1312.2429984256396
TE-002706,3778.5973652610587
TE-002707,934.6011086782496
TE-002708,1447.3482442877144
TE-002709,796.0303353949207
TE-002710,2956.582298897906
TE-002711,1358.8428875661687
TE-002712,1934.109254332356
TE-002713,1168.3338586022494
TE-002714,1341.9481047590202
TE-002715,654.5835381760062
TE-002716,1343.484388337175
TE-002717,690.6583137478538
TE-002718,1036.8749087284616
TE-002719,2179.9087272274555
TE-002720,2364.3824364387033
TE-002721,4783.76201899861
TE-002722,2511.320368288485
TE-002723,1577.600896361152
TE-002724,2419.346352783568
TE-002725,2472.369314323089
TE-002726,970.7634886486417
TE-002727,5243.47721783347
TE-002728,4417.382717196336
TE-002729,4521.39556679662
TE-002730,3214.2234885195885
TE-002731,1568.5143353485614
TE-002732,2742.3539964334523
TE-002733,2141.8072756808097
TE-002734,3722.907651991434
TE-002735,629.152601460487
TE-002736,3367.5211627015215
TE-002737,3557.522175382721
TE-002738,3953.4988753920443
TE-002739,1117.9086516066009
TE-002740,5241.964155736026
TE-002741,740.3358345523886
TE-002742,669.9485373669163
TE-002743,631.2791450076074
TE-002744,1523.1865826678568
TE-002745,1554.245133383513
TE-002746,4033.16464215157
TE-002747,3425.460393440734
TE-002748,843.5864861843199
TE-002749,673.4473253294325
TE-002750,4187.385771881193
TE-002751,1600.5797577619346
TE-002752,1912.7426082423979
TE-002753,2002.268442516614
TE-002754,680.3843136225807
TE-002755,2221.7237634291464
TE-002756,981.2087869303148
TE-002757,650.1434519904383
TE-002758,1001.0948035439994
TE-002759,2159.432221759324
TE-002760,3442.8244195460024
TE-002761,688.9664591029077
TE-002762,2096.2121382302857
TE-002763,1488.4433048855535
TE-002764,2330.9144611888437
TE-002765,948.9137376325821
TE-002766,2127.423316316647
TE-002767,2077.502854209005
TE-002768,2955.68143288648
TE-002769,612.1093394085713
TE-002770,3612.484498663356
TE-002771,3980.7291581552345
TE-002772,2349.605600361555
TE-002773,1009.6351088185731
TE-002774,1661.6786099250676
TE-002775,3756.878557897923
TE-002776,4895.003569889208
TE-002777,1698.7514614610573
TE-002778,2112.0362074748114
TE-002779,5489.045379033152
TE-002780,2188.5138854454053
TE-002781,1650.917831377716
TE-002782,2331.223931034516
TE-002783,1072.669572403926
TE-002784,1548.6381403682035
TE-002785,4036.02910572323
TE-002786,4114.971265113244
TE-002787,1863.6468470462796
TE-002788,962.9987095450947
TE-002789,3562.378749008847
TE-002790,2379.9049565712367
TE-002791,3551.403161419353
TE-002792,664.3255641237463
TE-002793,2387.8951336013624
TE-002794,821.8358389514988
TE-002795,1401.0261885345044
TE-002796,400.49029966301623
TE-002797,3646.9094638447964
TE-002798,4226.841127547956
TE-002799,2364.661752827137
TE-002800,2824.7220324276786
TE-002801,2561.515305244545
TE-002802,1535.731674794556
TE-002803,504.6679458269689
TE-002804,2178.7812724486585
TE-002805,2126.408277015288
TE-002806,5449.446142018972
TE-002807,789.0391471226778
TE-002808,1055.820648230575
TE-002809,3948.4512450674883
TE-002810,5603.968718920304
TE-002811,4383.815812769017
TE-002812,1904.4052370333904
TE-002813,624.5411467858435
TE-002814,985.0143207923718
TE-002815,2851.307144931845
TE-002816,1922.7663533183522
TE-002817,3932.571030178612
TE-002818,1159.0686701066961
TE-002819,2241.069717487592
TE-002820,5372.244996800147
TE-002821,2169.699333286792
TE-002822,909.0536136408648
TE-002823,2258.613996463084
TE-002824,1791.5066769599096
TE-002825,2383.3621882274992
TE-002826,823.7026369946898
TE-002827,1657.9384150394883
TE-002828,2931.8201044087605
TE-002829,1412.9953350973137
TE-002830,1722.7907169654588
TE-002831,795.9035637563729
TE-002832,1711.288985239481
TE-002833,2316.533434699992
TE-002834,2623.173377435524
TE-002835,2441.0982747301914
TE-002836,1187.1017017729923
TE-002837,1318.7314060537897
TE-002838,2020.0255117704796
TE-002839,4928.763866347836
TE-002840,338.1682498851676
TE-002841,1207.0568775439965
TE-002842,4512.14676830321
TE-002843,1040.765811821735
TE-002844,517.7034694293309
TE-002845,4362.136096838042
TE-002846,683.1152495665244
TE-002847,2568.876763626928
TE-002848,3388.606926939635
TE-002849,5331.881225793721
TE-002850,3665.7348325696485
TE-002851,904.1197141245759
TE-002852,853.0307207646624
TE-002853,1523.1552420897674
TE-002854,4140.478555363547
TE-002855,582.3417420291698
TE-002856,880.7525948174109
TE-002857,2284.6648736687757
TE-002858,3173.1843969769025
TE-002859,3035.4557933036326
TE-002860,3040.1860978321465
TE-002861,1136.8186464241264
TE-002862,2071.9475863062794
TE-002863,2236.349339457202
TE-002864,2734.6774286538716
TE-002865,2394.437371302463
TE-002866,576.7407222465533
TE-002867,4008.4030470867606
TE-002868,1923.0579219627873
TE-002869,2005.6637908569191
TE-002870,1521.785093940538
TE-002871,2546.201305826497
TE-002872,1613.5991782131036
TE-002873,1206.2886633414291
TE-002874,5464.584763020952
TE-002875,1166.0628373889485
TE-002876,3988.9271751594742
TE-002877,3338.6989096369093
TE-002878,649.0746923250131
TE-002879,4187.839849243528
TE-002880,3000.185584601001
TE-002881,1109.8738382310435
TE-002882,1252.6709852637734
TE-002883,1671.6075346419323
TE-002884,2058.3914823040695
TE-002885,4239.343651640587
TE-002886,4552.365080080597
TE-002887,2166.4220814765017
TE-002888,1623.3078156537083
TE-002889,472.87718906671194
TE-002890,2277.9898677182255
TE-002891,2524.1386992593675
TE-002892,1435.513778059175
TE-002893,1467.681724544245
TE-002894,824.4937845688307
TE-002895,4441.063077168451
TE-002896,2356.7872561662216
TE-002897,2187.741123230218
TE-002898,549.8268255989026
TE-002899,4399.951261606312
TE-002900,1795.2542185360112
TE-002901,2102.96449515965
TE-002902,2448.5947521467665
TE-002903,2413.6037114693495
TE-002904,3327.287676339417
TE-002905,842.753567633235
TE-002906,1683.6458627286484
TE-002907,772.022508055365
TE-002908,221.905677965427
TE-002909,4663.70195452546
TE-002910,5953.199581818071
TE-002911,2276.3092025609467
TE-002912,4800.684685714772
TE-002913,3103.853654305359
TE-002914,1754.4473396447947
TE-002915,2405.3787935834457
TE-002916,1918.628630568335
TE-002917,5216.7702642353015
TE-002918,1959.8335499745433
TE-002919,3297.136721500564
TE-002920,1615.6597375220933
TE-002921,1288.1985807895153
TE-002922,1045.6709798920951
TE-002923,831.5336025948004
TE-002924,4094.4447490081075
TE-002925,5380.9374999366955
TE-002926,2386.121939517015
TE-002927,1493.8250165615527
TE-002928,925.0628838374628
TE-002929,4714.246271834143
TE-002930,741.1565859938094
TE-002931,5819.186801742623
TE-002932,736.3461664759488
TE-002933,1154.4238806358355
TE-002934,1969.5282679747104
TE-002935,599.118038972159
TE-002936,2524.38086994256
TE-002937,1596.9993013048704
TE-002938,1810.722471815746
TE-002939,1724.1593772617161
TE-002940,2254.37235984145
TE-002941,3137.020166054598
TE-002942,3846.086802128223
TE-002943,3408.460472335076
TE-002944,3671.6235900075835
TE-002945,3575.5217900685902
TE-002946,2946.609350365526
TE-002947,2103.501671279825
TE-002948,3952.374511453165
TE-002949,1108.403452353838
TE-002950,1131.292358653629
TE-002951,1777.9202989698574
TE-002952,2225.8069314734807
TE-002953,1649.7126267815477
TE-002954,2614.942009480255
TE-002955,1848.4151241388563
TE-002956,1778.3421681579525
TE-002957,2733.3974892413516
TE-002958,2418.261755249702
TE-002959,2799.167878607387
TE-002960,3705.5660090241
TE-002961,1704.1305042095787
TE-002962,2252.9173637666167
TE-002963,1725.1211250233941
TE-002964,1690.9118806910644
TE-002965,1002.2443744031884
TE-002966,1950.016053699798
TE-002967,2061.3741395347724
TE-002968,1498.1711531823444
TE-002969,3056.086115144317
TE-002970,3303.5901845721055
TE-002971,3328.602878964015
TE-002972,5358.630054531417
TE-002973,1058.3561210406874
TE-002974,1664.74659139704
TE-002975,4711.943527356709
TE-002976,2314.3340344209264
TE-002977,1041.5957709293657
TE-002978,1424.1781518782188
TE-002979,1552.2106467747908
TE-002980,984.9367392006609
TE-002981,1063.075305383189
TE-002982,1559.9485483007302
TE-002983,2413.106622954911
TE-002984,2480.712103838382
TE-002985,3142.12768499499
TE-002986,4733.912802267716
TE-002987,4990.310589012386
TE-002988,2525.200393131205
TE-002989,5015.165447314016
TE-002990,1569.9817754004625
TE-002991,1171.5661450920481
TE-002992,4833.902559471884
TE-002993,588.7818459501714
TE-002994,851.3836922613516
TE-002995,4041.1035201629074
TE-002996,3886.068135427965
TE-002997,1233.6621367380658
TE-002998,880.0496487324958
TE-002999,5361.310961559725
TE-003000,458.7293211032113
TE-003001,2598.576125774714
TE-003002,1575.8781676145813
TE-003003,2414.2741725116293
TE-003004,3470.2485784070414
TE-003005,2611.933853887113
TE-003006,4873.164600400078
TE-003007,217.73717503629246
TE-003008,2000.0703409259627
TE-003009,1770.1944699270111
TE-003010,3016.158207669164
TE-003011,4599.259600593479
TE-003012,2382.759132628806
TE-003013,1864.7339617368852
TE-003014,3801.306506180427
TE-003015,2135.637948673675
TE-003016,1911.3831335742889
TE-003017,1776.5485642258436
TE-003018,1284.2902599497604
TE-003019,4741.530545931289
TE-003020,2058.221417780273
TE-003021,4993.48797755962
TE-003022,4366.882044038788
TE-003023,1241.803922251089
TE-003024,1776.2922107480376
TE-003025,4388.912561973825
TE-003026,2000.5924321474022
TE-003027,5187.96443167655
TE-003028,2722.2984757076038
TE-003029,3690.4443788990043
TE-003030,773.6212977212435
TE-003031,2513.0551345609083
TE-003032,5888.173087231087
TE-003033,409.93415358716516
TE-003034,3434.9710436280816
TE-003035,5031.4892771521845
TE-003036,3455.3826168883143
TE-003037,4638.635455738779
TE-003038,1815.3537501579735
TE-003039,1723.9661817138717
TE-003040,749.0232340831503
TE-003041,3639.124231549241
TE-003042,4423.472177554546
TE-003043,2402.4049271405274
TE-003044,2863.117139433256
TE-003045,3729.851359042613
TE-003046,1395.7339589751791
TE-003047,1008.0929399783115
TE-003048,4665.309632653742
TE-003049,1387.2285650754104
TE-003050,1156.1175069674782
TE-003051,2002.2610359880273
TE-003052,454.6069524256816
TE-003053,1659.681810235632
TE-003054,3257.4961252984904
TE-003055,959.0525324223884
TE-003056,2698.783465759091
TE-003057,2310.9814096416685
TE-003058,1415.5050014988649
TE-003059,1336.5702311772743
TE-003060,3961.862126789551
TE-003061,4298.157635043166
TE-003062,1096.0539591778368
TE-003063,871.8433699913583
TE-003064,904.8648415794644
TE-003065,2163.5477794593976
TE-003066,2058.9438855695325
TE-003067,2586.3873643924244
TE-003068,4884.866344482343
TE-003069,3127.902062088672
TE-003070,2227.205336557564
TE-003071,1242.483317489426
TE-003072,1788.9833736100215
TE-003073,1981.0825985839467
TE-003074,527.0464680288869
TE-003075,3415.950671220022
TE-003076,5653.5153883067305
TE-003077,887.1160846738289
TE-003078,1384.5442430016951
TE-003079,1104.2452947554611
TE-003080,2025.9535290666097
TE-003081,5011.219648988599
TE-003082,1286.354821293619
TE-003083,2030.4018089918168
TE-003084,949.4444647205703
TE-003085,4178.795660183196
TE-003086,2450.4833060620335
TE-003087,1185.6567543510132
TE-003088,2196.2166511139594
TE-003089,3404.8001122681108
TE-003090,3148.0842516603934
TE-003091,2405.8222269692856
TE-003092,2122.6506879130643
TE-003093,4858.997695180341
TE-003094,1511.4963834133375
TE-003095,1950.369411619132
TE-003096,3867.7734721134316
TE-003097,5173.9957760381585
TE-003098,1494.0329121436157
TE-003099,1559.428602547889
TE-003100,2928.110696933719
TE-003101,4402.93826105116
TE-003102,3707.5111891549386
TE-003103,2018.2576576200502
TE-003104,2288.313888890338
TE-003105,2040.2496023518543
TE-003106,665.7325094829587
TE-003107,2214.308298809914
TE-003108,2427.1494080412463
TE-003109,1359.120938883284
TE-003110,1716.2528696239046
TE-003111,2155.35572040742
TE-003112,5057.009918157584
TE-003113,2313.3785494514273
TE-003114,4648.814168860951
TE-003115,2509.5010929253467
TE-003116,1756.4694858189898
TE-003117,858.7207072133886
TE-003118,1338.1143335115185
TE-003119,2883.536137627781
TE-003120,1313.6482556689512
TE-003121,1282.8780014514396
TE-003122,1122.0077278200731
TE-003123,4866.45297210808
TE-003124,783.4270463534581
TE-003125,3749.9213394271487
TE-003126,1083.2000501171447
TE-003127,2773.945369226487
TE-003128,2530.998276552343
TE-003129,564.227135283171
TE-003130,5250.022657115793
TE-003131,3678.6080887274093
TE-003132,574.6364437061736
TE-003133,794.8755737567703
TE-003134,2694.5537895081766
TE-003135,602.2163920613834
TE-003136,3553.856461065744
TE-003137,1620.4231460561266
TE-003138,1238.96812015032
TE-003139,877.721813674953
TE-003140,4321.986144693357
TE-003141,4135.641915459412
TE-003142,731.1875096188264
TE-003143,592.0607467494362
TE-003144,4631.127670624851
TE-003145,2581.0792400951505
TE-003146,1954.4750773701226
TE-003147,3309.9539710652853
TE-003148,2095.7219395738643
TE-003149,1059.3993755050437
TE-003150,2208.6358338024943
TE-003151,1704.806628447694
TE-003152,3768.233489146698
TE-003153,852.8625591035684
TE-003154,3207.2399358679386
TE-003155,1003.683478361359
TE-003156,1590.3606221029531
TE-003157,3314.5725538037086
TE-003158,4347.4733810156395
TE-003159,5460.570198534631
TE-003160,1563.4415338781705
TE-003161,3165.6759019238866
TE-003162,2753.287269202187
TE-003163,1134.5945536011934
TE-003164,1076.7452355341934
TE-003165,2072.438342436841
TE-003166,3264.8749351388005
TE-003167,1756.9506066692902
TE-003168,5779.314283497908
TE-003169,2556.8315390715343
TE-003170,1001.3184666587506
TE-003171,1866.0809953259504
TE-003172,1640.752731193229
TE-003173,1735.221345654285
TE-003174,839.2580041471942
TE-003175,2769.9046904034985
TE-003176,203.48440729430718
TE-003177,1751.6396548497999
TE-003178,1746.4490657987235
TE-003179,1056.0328232758889
TE-003180,818.6508375074407
TE-003181,1475.6985374531496
TE-003182,2982.558240372773
TE-003183,1766.411729974673
TE-003184,2578.7782435537397
TE-003185,1107.7595791402691
TE-003186,2019.528211939375
TE-003187,1724.6669453509212
TE-003188,750.3463088902886
TE-003189,268.3674448522686
TE-003190,5676.404961486207
TE-003191,1138.2134281063486
TE-003192,502.2521035935854
TE-003193,1750.286450833661
TE-003194,4914.977198009628
TE-003195,5274.3715242190665
TE-003196,1959.020589277736
TE-003197,4980.464487258315
TE-003198,3978.1326697697914
TE-003199,4712.1246556998485
TE-003200,3878.294612544895
TE-003201,2967.7249676399497
TE-003202,393.792533051173
TE-003203,1175.9446705264554
TE-003204,3916.444889959339
TE-003205,2236.121351618542
TE-003206,1253.1913627379693
TE-003207,1594.8112401576195
TE-003208,852.0032371224563
TE-003209,1455.9688859533364
TE-003210,5268.063562263903
TE-003211,1551.1459187369546
TE-003212,3448.4473687731
TE-003213,707.2654983150574
TE-003214,2841.151032883942
TE-003215,3887.5944099378285
TE-003216,5397.819083310335
TE-003217,1830.790188627089
TE-003218,4412.4044255730805
TE-003219,760.3325648276104
TE-003220,2016.6523467150128
TE-003221,506.00714202621407
TE-003222,2584.5063584900477
TE-003223,2022.785225127129
TE-003224,1166.046561971023
TE-003225,4962.819554462617
TE-003226,1198.3806913048556
TE-003227,2157.821747298233
TE-003228,4182.48871609055
TE-003229,1878.8995390172743
TE-003230,2402.8914594340627
TE-003231,3700.5646344108027
TE-003232,1609.0788243125503
TE-003233,1267.3987613958889
TE-003234,4001.0157257534365
TE-003235,5363.457648817361
TE-003236,2972.975090650361
TE-003237,4358.615939814788
TE-003238,1390.3118729887065
TE-003239,667.0118370240575
TE-003240,2707.1029627583475
TE-003241,2868.4069133869807
TE-003242,3475.6680685009646
TE-003243,4145.5015632453815
TE-003244,1274.1430521071889
TE-003245,4524.03533504064
TE-003246,1759.8013779037574
TE-003247,2272.229907525662
TE-003248,1589.428210885024
TE-003249,1275.8846693792766
TE-003250,389.56839721860183
TE-003251,2221.4918273262056
TE-003252,1873.351033436969
TE-003253,3547.3476623238403
TE-003254,3250.9205474878313
TE-003255,3561.8140138400818
TE-003256,2856.9644652916336
TE-003257,989.1319586960435
TE-003258,362.8220571621698
TE-003259,1985.0909848232407
TE-003260,592.1632410102445
TE-003261,1955.967995385853
TE-003262,2448.8968416131165
TE-003263,1475.6688092034383
TE-003264,1344.668558658176
TE-003265,2697.606706630474
TE-003266,815.7832484590599
TE-003267,1087.7556722094807
TE-003268,1102.2942716719126
TE-003269,1510.7030279250846
TE-003270,2347.504808835722
TE-003271,876.6064195351898
TE-003272,2156.3247588231475
TE-003273,2165.5837437161736
TE-003274,539.3532504215436
TE-003275,1898.2163158743422
TE-003276,4964.007855269221
TE-003277,1270.2890511880155
TE-003278,522.7824656677703
TE-003279,3805.8373698649784
TE-003280,1946.108511871204
TE-003281,2523.7831627123524
TE-003282,3828.6053161112227
TE-003283,1095.2405715174714
TE-003284,1391.4483572736244
TE-003285,2279.639562300674
TE-003286,2956.1662917701674
TE-003287,1548.109316677363
TE-003288,968.7363780843034
TE-003289,1189.83301987316
TE-003290,5000.20092885976
TE-003291,1812.5712485667902
TE-003292,1739.1748126013931
TE-003293,2203.3458712739
TE-003294,3632.7399752787596
TE-003295,3035.0804104378253
TE-003296,3120.219650355484
TE-003297,2874.770574927531
TE-003298,1026.6579647415792
TE-003299,1882.9141971095846
TE-003300,3398.6813374439403
TE-003301,1823.538599228161
TE-003302,2273.1458573052446
TE-003303,2473.5087681410073
TE-003304,1177.0934356847893
TE-003305,4086.264878774394
TE-003306,3693.3433730059496
TE-003307,1455.268722443136
TE-003308,1951.2275491765638
TE-003309,908.2234811198391
TE-003310,2509.2508448399904
TE-003311,5943.915099166292
TE-003312,3105.1864876025365
TE-003313,802.2908070066503
TE-003314,647.5066280307733
TE-003315,3269.956529307602
TE-003316,2036.1924874303954
TE-003317,2618.7211649214305
TE-003318,1028.650996344088
TE-003319,4962.731963614129
TE-003320,3606.737296769883
TE-003321,854.3798661288424
TE-003322,772.8799820190839
TE-003323,1572.0199400717456
TE-003324,1438.354834318157
TE-003325,4295.723352447323
TE-003326,741.6544154983583
TE-003327,1496.5551493191897
TE-003328,746.5387286480295
TE-003329,2215.4046446120915
TE-003330,587.9996106217682
TE-003331,4185.487129570924
TE-003332,901.3426307403854
TE-003333,2919.253122387976
TE-003334,1078.0955265095054
TE-003335,1584.457235147479
TE-003336,2250.2118079432885
TE-003337,1310.3376615407497
TE-003338,2243.8815671162292
TE-003339,1153.668938116099
TE-003340,2954.6762894433064
TE-003341,4515.092140077819
TE-003342,5380.102066475227
TE-003343,2961.414089459426
TE-003344,1412.8241576855366
TE-003345,4016.6815165676126
TE-003346,2913.005288165804
TE-003347,633.5055601277211
TE-003348,3358.121587399515
TE-003349,4192.50632578108
TE-003350,1195.521023895022
TE-003351,4310.182061684314
TE-003352,2342.5974778530644
TE-003353,1802.5185003480933
TE-003354,2351.2034461856038
TE-003355,4333.47938965422
TE-003356,4179.755219993553
TE-003357,4292.868877849269
TE-003358,542.6778353387181
TE-003359,975.3864634223842
TE-003360,2525.8364439826787
TE-003361,1982.143852106617
TE-003362,3654.2057365585165
TE-003363,1280.5573691950697
TE-003364,3993.080937017124
TE-003365,2557.029900206273
TE-003366,1730.69387517193
TE-003367,1369.2015715888192
TE-003368,4002.6466840756075
TE-003369,408.0196701603595
TE-003370,2998.358139138763
TE-003371,4288.515747741474
TE-003372,3735.2176144255277
TE-003373,1855.6325088761196
TE-003374,6373.98267974355
TE-003375,3302.2826779658653
TE-003376,1876.1825916847356
TE-003377,5195.55663527499
TE-003378,4639.318428951542
TE-003379,1003.2257818944427
TE-003380,832.4080752048583
TE-003381,5482.072934290943
TE-003382,1272.0591658231315
TE-003383,5613.466250856522
TE-003384,2946.6525199067974
TE-003385,1513.9541725274244
TE-003386,2953.2118495726745
TE-003387,2098.9649096210005
TE-003388,1473.717626332437
TE-003389,794.4693458883335
TE-003390,2198.3252113896037
TE-003391,1997.9188191516685
TE-003392,2515.470948397067
TE-003393,1700.240009290572
TE-003394,3910.822603346872
TE-003395,1368.532348271904
TE-003396,1852.0825247892678
TE-003397,5005.38525034033
TE-003398,3637.2410597090943
TE-003399,1938.9589052764363
TE-003400,1719.5811879972214
TE-003401,1380.6735531013842
TE-003402,5667.293828430749
TE-003403,4119.411846311779
TE-003404,2559.3782142055034
TE-003405,1073.6008948359279
TE-003406,591.6208254242324
TE-003407,2266.039471786471
TE-003408,2729.2508636645407
TE-003409,4239.483401175905
TE-003410,1054.7450205962748
TE-003411,2753.494044834578
TE-003412,2210.130413872296
TE-003413,1738.491174591335
TE-003414,1996.8261696629077
TE-003415,4715.313537066866
TE-003416,1541.3918831582978
TE-003417,788.1872987591889
TE-003418,1217.8682530151445
TE-003419,1665.7193075091532
TE-003420,3793.123133450255
TE-003421,1092.419907506462
TE-003422,1786.6075145794262
TE-003423,5128.244903410142
TE-003424,5489.366986281302
TE-003425,1889.5272022096087
TE-003426,828.6543216652924
TE-003427,1328.3705603675376
TE-003428,3565.6369421968698
TE-003429,2089.660045919475
TE-003430,568.9022109608488
TE-003431,1156.6156539404155
TE-003432,2345.169550871544
TE-003433,845.1447533451656
TE-003434,1494.7624293554481
TE-003435,2071.0339751495844
TE-003436,1747.6112848217172
TE-003437,4010.934848594248
TE-003438,1549.653628111531
TE-003439,417.41903211838076
TE-003440,709.3412693712519
TE-003441,4436.311491007584
TE-003442,2571.701554784824
TE-003443,2882.9855270037892
TE-003444,1181.639139353677
TE-003445,551.5943056853312
TE-003446,748.2193865660961
TE-003447,1852.0263476075065
TE-003448,6052.513068853041
TE-003449,2543.1305024649378
TE-003450,633.9362010780096
TE-003451,5250.257522408166
TE-003452,201.44694897762565
TE-003453,1254.8303082569455
TE-003454,568.8667713837174
TE-003455,2332.8047127382547
TE-003456,1166.9532037915078
TE-003457,1778.0224453470107
TE-003458,2423.004145697443
TE-003459,4369.6074513647045
TE-003460,5789.797476648964
TE-003461,1409.4555822341638
TE-003462,2978.5592854915803
TE-003463,2333.1166190579543
TE-003464,962.715076974496
TE-003465,1956.7719127384764
TE-003466,2077.0193633821377
TE-003467,4192.787107635362
TE-003468,5088.354128915613
TE-003469,3155.4565067079475
TE-003470,1017.1160684543921
TE-003471,3713.4423497741814
TE-003472,4601.888857798942
TE-003473,2400.842392577541
TE-003474,1359.159048638017
TE-003475,3452.3786937348077
TE-003476,4512.75925654602
TE-003477,1466.613211200996
TE-003478,3666.0874992266463
TE-003479,1694.1384593899318
TE-003480,2439.390550738454
TE-003481,1160.855986808677
TE-003482,868.0687437056633
TE-003483,1528.503534860178
TE-003484,941.0436002581746
TE-003485,1371.5502127846858
TE-003486,3056.2940854311623
TE-003487,1132.318815159564
TE-003488,756.1640869079436
TE-003489,935.0996671720982
TE-003490,1075.7900897867157
TE-003491,1747.0894996349207
TE-003492,2997.366137261745
TE-003493,2063.7390199665783
TE-003494,997.6373410846766
TE-003495,3335.363217117199
TE-003496,4428.8795842620075
TE-003497,1267.1490846753227
TE-003498,2966.5519315814636
TE-003499,2025.7751231715256
TE-003500,3811.301524718321
TE-003501,3975.799134800622
TE-003502,4152.916356063441
TE-003503,483.00312165981563
TE-003504,4460.110132237119
TE-003505,810.4224124474176
TE-003506,4357.930687133499
TE-003507,3116.15978751263
TE-003508,3767.0532826614544
TE-003509,3128.5252730159373
TE-003510,4285.185895568538
TE-003511,3631.385306576506
TE-003512,2364.9057887399185
TE-003513,2209.152845794556
TE-003514,3761.475124394531
TE-003515,2960.193145054257
TE-003516,2614.0899307275386
TE-003517,3412.7920103007373
TE-003518,2567.9851587936314
TE-003519,1426.6095261757487
TE-003520,1415.443353293148
TE-003521,1192.4268728476939
TE-003522,1534.0511116697226
TE-003523,877.5531137698126
TE-003524,2228.6904815134258
TE-003525,2002.3514974671316
TE-003526,3927.9990189148166
TE-003527,1248.180172093118
TE-003528,3313.5516162292997
TE-003529,3652.6819892697695
TE-003530,349.01161142243654
TE-003531,1412.7909162653564
TE-003532,2527.15310465105
TE-003533,3056.3725833277085
TE-003534,5612.814796319646
TE-003535,728.4256262237291
TE-003536,4436.447972380407
TE-003537,5074.062334898159
TE-003538,988.4216922589744
TE-003539,1773.7965289067363
TE-003540,906.1673065083346
TE-003541,1390.3598451043435
TE-003542,372.8239024237039
TE-003543,1054.4382728761248
TE-003544,877.9428106633177
TE-003545,2390.127742718934
TE-003546,1716.9996118562044
TE-003547,4263.081146412075
TE-003548,4232.832648475873
TE-003549,725.7610145484773
TE-003550,1239.6648347161768
TE-003551,1489.3770650932188
TE-003552,1411.8557104443755
TE-003553,5136.131521571346
TE-003554,2075.119175532821
TE-003555,2723.8961507255735
TE-003556,433.0681319357334
TE-003557,3044.842730297305
TE-003558,3911.678277687948
TE-003559,3741.353401489813
TE-003560,4465.565097773366
TE-003561,1609.4037837640017
TE-003562,5778.517024670579
TE-003563,3268.708604194888
TE-003564,3853.534534802905
TE-003565,2232.7007620550394
TE-003566,2581.5545496681952
TE-003567,2978.2698948778634
TE-003568,2971.6161367836157
TE-003569,1626.0533582595838
TE-003570,3089.53133020524
TE-003571,2935.703571241329
TE-003572,791.5778190872047
TE-003573,5508.240083293661
TE-003574,3413.782168593918
TE-003575,3567.356719964838
TE-003576,4329.964911114756
TE-003577,879.9974578736958
TE-003578,1728.0319854643901
TE-003579,2019.2695111973
TE-003580,494.2264316593362
TE-003581,1308.2035608562987
TE-003582,1593.8970864291248
TE-003583,529.7624744249147
TE-003584,807.8938230540748
TE-003585,2199.7630676628205
TE-003586,2609.28439150771
TE-003587,1315.49663606011
TE-003588,2732.9221840189425
TE-003589,2425.493551986615
TE-003590,1588.7361167479185
TE-003591,4659.634045459645
TE-003592,1767.319047263873
TE-003593,278.71465986763997
TE-003594,619.3656795867116
TE-003595,2256.9606053008715
TE-003596,2019.1721692270396
TE-003597,2532.333943395015
TE-003598,542.0465506602438
TE-003599,942.5187139747213
TE-003600,1090.1838603108058
TE-003601,2228.3299064051
TE-003602,4363.258688354929
TE-003603,3968.6892106427304
TE-003604,761.3944190115737
TE-003605,1053.6898986454999
TE-003606,1527.2428637188755
TE-003607,3811.4014518828412
TE-003608,5190.637718036778
TE-003609,1173.813266153239
TE-003610,3403.974871780468
TE-003611,4018.2166195107584
TE-003612,1142.335124250767
TE-003613,3459.9284456272317
TE-003614,5111.01771218389
TE-003615,3693.289673628912
TE-003616,2632.4964314939966
TE-003617,1552.9098809516263
TE-003618,4555.284876884685
TE-003619,547.5400688331408
TE-003620,3220.533715121479
TE-003621,1609.950539741772
TE-003622,1981.8533562098924
TE-003623,2374.1144123044896
TE-003624,2365.413625407845
TE-003625,796.4760706397956
TE-003626,4063.6364042147075
TE-003627,467.6882290239155
TE-003628,1976.3284028950723
TE-003629,3007.481212389598
TE-003630,1683.3345760726656
TE-003631,4735.650608045378
TE-003632,2156.6784850167764
TE-003633,1882.5101498384747
TE-003634,3972.5782662260954
TE-003635,1256.0743840831046
TE-003636,3256.7272832122617
TE-003637,3616.453583470022
TE-003638,3093.0898027635576
TE-003639,1052.8415520039807
TE-003640,1551.4290166206388
TE-003641,371.6805526922026
TE-003642,1016.9803194133897
TE-003643,747.9966133949677
TE-003644,853.4794479300137
TE-003645,720.8906003325094
TE-003646,2482.119756966996
TE-003647,2106.5014618695204
TE-003648,797.8328469656603
TE-003649,2431.723244363417
TE-003650,1614.0800897451968
TE-003651,645.009882835049
TE-003652,2965.225025612555
TE-003653,2373.84223472373
TE-003654,1266.429625185756
TE-003655,1067.9471806803854
TE-003656,1467.3584631040671
TE-003657,3749.6586755142534
TE-003658,359.52801556123245
TE-003659,1523.0471353312757
TE-003660,2946.578330133406
TE-003661,1513.2926679948635
TE-003662,1730.1206593670881
TE-003663,923.2184156003011
TE-003664,3377.8434353080625
TE-003665,2094.9875290066943
TE-003666,682.5000154476052
TE-003667,1789.3321247935569
TE-003668,700.2374086896564
TE-003669,3395.97348883573
TE-003670,2181.6188718975272
TE-003671,1463.7918844356032
TE-003672,2270.81603430402
TE-003673,707.2561264347426
TE-003674,4497.932326865432
TE-003675,3305.4629342467247
TE-003676,741.3380450705531
TE-003677,2346.7490185690153
TE-003678,879.9990224886799
TE-003679,831.4405802575129
TE-003680,3769.247227809725
TE-003681,2004.3551358092432
TE-003682,1500.3584981588315
TE-003683,2073.088334355553
TE-003684,1388.8057951062572
TE-003685,2572.7972026380207
TE-003686,899.2741114839507
TE-003687,4185.129010378884
TE-003688,1303.787010624565
TE-003689,4728.517005664909
TE-003690,826.8254109787492
TE-003691,1946.3041556958867
TE-003692,2437.533635701251
TE-003693,3375.355425609654
TE-003694,458.61534157973733
TE-003695,3930.017163453562
TE-003696,729.4406042715459
TE-003697,502.72971679226157
TE-003698,4546.752168094276
TE-003699,834.7607899412733
TE-003700,1963.815301392703
TE-003701,2137.6479924226337
TE-003702,2177.927573939336
TE-003703,3575.0933157081226
TE-003704,2899.8153980945485
TE-003705,2216.947395023084
TE-003706,2877.0040735029
TE-003707,4253.495470673709
TE-003708,2498.983635033561
TE-003709,1088.8369633431626
TE-003710,2258.4130353489527
TE-003711,2544.529991297242
TE-003712,1662.8791998841987
TE-003713,3698.5299067529722
TE-003714,4546.005405032976
TE-003715,4090.7341261279635
TE-003716,390.8159369183534
TE-003717,1140.7521301539186
TE-003718,1410.361653840012
TE-003719,1575.8558289125804
TE-003720,3105.328407225358
TE-003721,2398.02496848284
TE-003722,799.7528392865238
TE-003723,744.7565345256644
TE-003724,2256.7126103493306
TE-003725,1247.431483984593
TE-003726,2552.821204107272
TE-003727,6176.656566174788
TE-003728,1255.6265148201987
TE-003729,2305.9733435147746
TE-003730,1579.5098839250845
TE-003731,4722.89629868146
TE-003732,3441.6207235085803
TE-003733,631.390325424755
TE-003734,2242.213817436493
TE-003735,3314.6677580855585
TE-003736,2045.2882299786702
TE-003737,650.331385676931
TE-003738,808.3859491663452
TE-003739,1596.459786454882
TE-003740,3429.562200633281
TE-003741,662.1005921955768
TE-003742,2462.1916126951887
TE-003743,833.4988689669269
TE-003744,5204.759802537228
TE-003745,1541.9763144143838
TE-003746,5248.227364588824
TE-003747,2546.382230079879
TE-003748,2037.3786094125514
TE-003749,1160.8301920523581
TE-003750,538.6529234650282
TE-003751,4477.764628282284
TE-003752,1376.8279217805434
TE-003753,1272.1918258825601
TE-003754,1893.3016531784929
TE-003755,1411.1888624438566
TE-003756,3207.2201639593845
TE-003757,1507.2112063893942
TE-003758,1608.6221583497856
TE-003759,4502.433266457033
TE-003760,3614.163370353981
TE-003761,445.82343260947687
TE-003762,1144.8361452699319
TE-003763,807.625573687413
TE-003764,5270.307539629503
TE-003765,2245.8382679009974
TE-003766,576.6098030446756
TE-003767,3829.4661061640913
TE-003768,1055.6234875204516
TE-003769,2285.219530853769
TE-003770,4268.856407385612
TE-003771,2234.2304669882355
TE-003772,1668.8590422906727
TE-003773,3919.8006729992603
TE-003774,771.9858811501069
TE-003775,773.0304029051597
TE-003776,773.2375061720352
TE-003777,1061.1912034865468
TE-003778,899.7712820574486
TE-003779,782.986306150809
TE-003780,1455.8899348721775
TE-003781,3702.151381643211
TE-003782,3254.191280494223
TE-003783,1469.154571832832
TE-003784,1393.7295948937067
TE-003785,963.4456633842872
TE-003786,1750.4022232721438
TE-003787,1847.3224206824668
TE-003788,1233.3370844496685
TE-003789,3586.4089366109997
TE-003790,2093.662475006488
TE-003791,1473.0235039938425
TE-003792,1777.9085755471758
TE-003793,388.11788467034876
TE-003794,3958.480107571265
TE-003795,870.9053049543434
TE-003796,4410.469386266508
TE-003797,3381.8117234887554
TE-003798,2446.568575156508
TE-003799,3982.67238677878
TE-003800,2013.0626658180258
TE-003801,560.6891219876079
TE-003802,1736.8566143703351
TE-003803,1773.2234595365792
TE-003804,1993.0438917031329
TE-003805,1836.5407961083718
TE-003806,1225.8304892054068
TE-003807,3003.0746054094443
TE-003808,1582.2080633683013
TE-003809,2896.2495171490855
TE-003810,1895.6506063211891
TE-003811,1847.928671658782
TE-003812,3814.2067860406
TE-003813,2099.3316485565956
TE-003814,3771.4163705910314
TE-003815,978.9700722061548
TE-003816,1532.2992957667243
TE-003817,2086.568408390981
TE-003818,1340.6186427004955
TE-003819,2927.974098016158
TE-003820,2087.31780963036
TE-003821,2267.2567686658786
TE-003822,4224.9178651971515
TE-003823,3522.636663701767
TE-003824,1996.5510873392034
TE-003825,3887.6631615253937
TE-003826,4089.8080202045603
TE-003827,970.1723984715609
TE-003828,1467.7030903298396
TE-003829,1560.176930079697
TE-003830,1114.1693633051295
TE-003831,4684.805179865224
TE-003832,4401.140200193395
TE-003833,2257.097048030244
TE-003834,2361.3234733271743
TE-003835,5241.301721567098
TE-003836,1911.5497470913608
TE-003837,3339.7244908045577
TE-003838,1797.190425304249
TE-003839,1960.9353638773575
TE-003840,3412.3320608092554
TE-003841,1517.0673579109314
TE-003842,496.1488139690098
TE-003843,2999.6586216134347
TE-003844,1481.4648112149625
TE-003845,1612.593569002127
TE-003846,3396.736013661034
TE-003847,1538.7135307319973
TE-003848,3411.9228593169328
TE-003849,3804.8864878909017
TE-003850,1859.3765623486636
TE-003851,836.1612656535933
TE-003852,2366.437081579279
TE-003853,4285.52355936807
TE-003854,2138.704895253468
TE-003855,1626.3409319937386
TE-003856,1749.8831286505967
TE-003857,390.70675964973475
TE-003858,3985.6003282944575
TE-003859,4061.4521476859363
TE-003860,1650.889921794121
TE-003861,2211.732407634638
TE-003862,3934.4597440800007
TE-003863,6093.472466053881
TE-003864,204.6657085325537
TE-003865,817.866170927653
TE-003866,1252.9234519775382
TE-003867,1067.4574403638032
TE-003868,2177.8388139504177
TE-003869,3125.679996452241
TE-003870,3083.699626860922
TE-003871,4754.123888603682
TE-003872,1803.858107292603
TE-003873,3789.6245713359453
TE-003874,2222.1509080990127
TE-003875,3504.526271880445
TE-003876,3599.1912274580964
TE-003877,2085.847680700652
TE-003878,1623.7986634092308
TE-003879,3674.5914525735684
TE-003880,2095.4321120275695
TE-003881,2556.432435120257
TE-003882,2367.9204110116916
TE-003883,527.153918262226
TE-003884,3176.2555723855885
TE-003885,3679.1808520097065
TE-003886,1934.3770703772695
TE-003887,960.2134300808589
TE-003888,2782.5834423768742
TE-003889,469.7713499687295
TE-003890,1317.9578634215081
TE-003891,3391.787711177016
TE-003892,1585.699260459959
TE-003893,4230.816575488563
TE-003894,6293.1371788446595
TE-003895,1528.1249142008332
TE-003896,3318.082754827268
TE-003897,514.9299020285503
TE-003898,1197.6906671999996
TE-003899,1534.712817796721
TE-003900,1305.3290264155864
TE-003901,1008.5310101957509
TE-003902,918.7702153089162
TE-003903,2908.698627759818
TE-003904,834.8032300759694
TE-003905,3154.2910624631522
TE-003906,4785.675077570222
TE-003907,4923.1434567200395
TE-003908,3906.7409912756657
TE-003909,1776.4044628374268
TE-003910,1493.0323678822156
TE-003911,810.9999011950072
TE-003912,874.9965718919434
TE-003913,262.10529205568696
TE-003914,4376.323153522962
TE-003915,4217.014230434568
TE-003916,947.2116786413328
TE-003917,932.9562076842956
TE-003918,1307.1120368135612
TE-003919,2412.1116513557877
TE-003920,2500.883154854891
TE-003921,2129.323422596781
TE-003922,3469.9557508807256
TE-003923,2214.6115043929944
TE-003924,5021.689759635179
TE-003925,4423.3950659659495
TE-003926,4153.317734066246
TE-003927,394.3169124657154
TE-003928,3663.5072709911033
TE-003929,3572.3529405184677
TE-003930,773.6316613689562
TE-003931,4579.725707824973
TE-003932,602.5659105156656
TE-003933,1503.2414110775867
TE-003934,1139.8452749602789
TE-003935,1499.682928916651
TE-003936,2337.3956431312467
TE-003937,1295.786066611431
TE-003938,3471.7764229957374
TE-003939,2362.707810903818
TE-003940,1874.7193913656142
TE-003941,1413.6103715582244
TE-003942,746.4841864201362
TE-003943,616.1519492586538
TE-003944,2511.873936442232
TE-003945,1187.283221309452
TE-003946,893.5709379301863
TE-003947,618.8974421928795
TE-003948,2327.318655268218
TE-003949,2358.1073878578227
TE-003950,2076.2669316276542
TE-003951,1368.2841802779578
TE-003952,1602.8040727737086
TE-003953,603.1162819657375
TE-003954,1781.8573737111105
TE-003955,1033.4720991512545
TE-003956,633.829257664007
TE-003957,645.5361890925194
TE-003958,1896.0344713166417
TE-003959,1981.8746416721294
TE-003960,2661.0737102883427
TE-003961,1776.36526251228
TE-003962,1043.8444094876736
TE-003963,3430.1761113947487
TE-003964,2869.7335428495253
TE-003965,1014.447917443935
TE-003966,2311.149177581269
TE-003967,4032.893144145859
TE-003968,2313.1052057192883
TE-003969,3302.3035221442615
TE-003970,3075.6198029915913
TE-003971,741.2684874007703
TE-003972,2561.1134782615914
TE-003973,2240.484493612133
TE-003974,2201.8497807857366
TE-003975,1840.766378116266
TE-003976,1664.5468466345355
TE-003977,3554.623983884038
TE-003978,1632.7498072763779
TE-003979,476.03811455142477
TE-003980,2639.985443849071
TE-003981,540.4292810922539
TE-003982,3327.877750364589
TE-003983,1954.4529716752122
TE-003984,1741.7822640230975
TE-003985,2405.9072021617017
TE-003986,2309.0347664933765
TE-003987,1562.0427969791094
TE-003988,2040.4617094085595
TE-003989,3381.6408892025865
TE-003990,2531.3377922945083
TE-003991,4524.453040620302
TE-003992,2679.561490665954
TE-003993,5329.813776623048
TE-003994,1939.0954584057738
TE-003995,2871.117317393781
TE-003996,2991.282777770543
TE-003997,4005.071638880985
TE-003998,1231.7486337819305
TE-003999,1614.1907678789553
TE-004000,3537.6785040679615
TE-004001,913.8145676492747
TE-004002,2382.181500951237
TE-004003,3577.9195643470653
TE-004004,3586.1371988100977
TE-004005,2268.3893950931883
TE-004006,2084.8782415995224
TE-004007,2028.7824483056659
TE-004008,3272.69169048783
TE-004009,1374.8865032071787
TE-004010,451.09125379861894
TE-004011,1764.9458733104284
TE-004012,4775.6620872249005
TE-004013,2579.200880985181
TE-004014,4364.131822058073
TE-004015,1000.3930453629318
TE-004016,1456.6011951995492
TE-004017,3096.7795735682444
TE-004018,4166.1494661800325
TE-004019,1400.7792470518639
TE-004020,487.6776082322458
TE-004021,1948.65873516593
TE-004022,1763.3397170249489
TE-004023,2209.3921916545646
TE-004024,4843.988718433327
TE-004025,1067.8705878700714
TE-004026,1132.690732300842
TE-004027,2636.4939041765265
TE-004028,4579.104037276611
TE-004029,1185.7621635691785
TE-004030,4240.255553338306
TE-004031,3276.070079387754
TE-004032,2949.837118966865
TE-004033,681.9117468617774
TE-004034,1028.1687559037002
TE-004035,5719.061506960649
TE-004036,3742.1229570714177
TE-004037,1389.427365182317
TE-004038,1121.8257327549109
TE-004039,2132.985044271433
TE-004040,1847.9356194575082
TE-004041,2155.9729572516803
TE-004042,1858.9560894353467
TE-004043,2795.5142692704385
TE-004044,4253.0168596106005
TE-004045,1524.0561880451817
TE-004046,4431.431119197858
TE-004047,641.3163051835695
TE-004048,1351.7106083341282
TE-004049,2316.5856230086465
TE-004050,1011.6349410224653
TE-004051,384.7181504852906
TE-004052,3218.037556677855
TE-004053,3565.272561703691
TE-004054,3608.81218446848
TE-004055,2245.585537682465
TE-004056,262.12475276983105
TE-004057,3888.92951400721
TE-004058,3945.035693772339
TE-004059,4001.486869703612
TE-004060,508.1744768421911
TE-004061,1851.5687269509874
TE-004062,2350.1037693241237
TE-004063,1748.4285244416894
TE-004064,1798.3990151290905
TE-004065,2534.5929161553277
TE-004066,5304.977939746763
TE-004067,1738.0801836711576
TE-004068,2486.9266221937423
TE-004069,3994.211582299327
TE-004070,788.6110644559005
TE-004071,2299.7286716728036
TE-004072,1580.3768699727157
TE-004073,1755.7670207007563
TE-004074,2070.1639217250195
TE-004075,2188.8960251195085
TE-004076,1724.2539164241866
TE-004077,1066.1045739703204
TE-004078,2802.924825084311
TE-004079,1813.8697049391844
TE-004080,337.40926212399836
TE-004081,1608.980421133525
TE-004082,1842.1776184177086
TE-004083,422.1891695686004
TE-004084,1296.9122856052372
TE-004085,2755.02142619403
TE-004086,4013.8617309978454
TE-004087,1690.999953260904
TE-004088,1528.2735800193457
TE-004089,2405.4327754816804
TE-004090,1012.2874019691018
TE-004091,3157.6925793084774
TE-004092,3964.1127958619345
TE-004093,2609.6046050351256
TE-004094,3256.2948008402936
TE-004095,1146.998219985352
TE-004096,2695.7790113922356
TE-004097,3117.4520833133
TE-004098,2291.516910122967
TE-004099,1361.4309505742438
TE-004100,691.9362258842023
TE-004101,2649.0665876991625
TE-004102,658.6174055907672
TE-004103,2886.840255906946
TE-004104,5616.54500121277
TE-004105,4340.582544785233
TE-004106,878.8341821901784
TE-004107,4823.735606490046
TE-004108,2496.1841133868024
TE-004109,3169.53695935789
TE-004110,5287.87150292132
TE-004111,482.46052643781377
TE-004112,253.920524859976
TE-004113,1383.8693682769867
TE-004114,1266.167525462527
TE-004115,668.6467474626425
TE-004116,4164.424415402704
TE-004117,1374.136185963502
TE-004118,1639.1137877205583
TE-004119,1106.7504535463238
TE-004120,2996.8753022709934
TE-004121,4373.887015935937
TE-004122,822.1427728007013
TE-004123,3794.3005132126073
TE-004124,3921.2143321955346
TE-004125,1318.6053845602094
TE-004126,1899.9540151093208
TE-004127,605.7721595175717
TE-004128,3793.5198702414273
TE-004129,2648.9826590308057
TE-004130,3037.368256964264
TE-004131,1336.187791385497
TE-004132,1933.9317656915243
TE-004133,4008.8491770011146
TE-004134,5277.673938613003
TE-004135,4229.866582526849
TE-004136,1893.5136587002025
TE-004137,1263.5728588402176
TE-004138,2713.30513488791
TE-004139,888.3104585470348
TE-004140,2133.340354697778
TE-004141,4376.465033022096
TE-004142,2105.9114641014103
TE-004143,834.8730690681343
TE-004144,3226.647515770379
TE-004145,1105.075872922324
TE-004146,2327.8997133612534
TE-004147,1966.104268156212
TE-004148,2030.5352634168742
TE-004149,1803.1985199125722
TE-004150,2347.30848515521
TE-004151,3780.999317434665
TE-004152,441.4918852519461
TE-004153,987.7643918542292
TE-004154,1922.4030322282783
TE-004155,3512.2285842865595
TE-004156,1274.362824930955
TE-004157,1243.2832024228078
TE-004158,2656.312614057206
TE-004159,1165.1741464022903
TE-004160,4360.96380739302
TE-004161,1088.8777866492392
TE-004162,1301.336445669032
TE-004163,5044.6757776725535
TE-004164,6591.62193768958
TE-004165,2526.110374435849
TE-004166,948.0633383445063
TE-004167,2005.3179617186859
TE-004168,1010.609370661904
TE-004169,3337.1703112394543
TE-004170,2000.723959925136
TE-004171,4273.047709598766
TE-004172,1451.8212437140273
TE-004173,2831.794767600353
TE-004174,310.86125723004943
TE-004175,2567.716463052302
TE-004176,3001.6864726798503
TE-004177,1214.713488925783
TE-004178,2497.8457220101554
TE-004179,932.061931671652
TE-004180,982.8566863923547
TE-004181,2100.3410783750346
TE-004182,2702.6109871388862
TE-004183,4591.915812375659
TE-004184,851.4421201168054
TE-004185,1258.836217524086
TE-004186,1640.876159086946
TE-004187,2760.5584862188734
TE-004188,1529.0894787750312
TE-004189,3377.549148779908
TE-004190,1897.4559250571956
TE-004191,3473.095342620528
TE-004192,3298.530234511068
TE-004193,3010.25611971993
TE-004194,4190.4988715538775
TE-004195,2632.435890307936
TE-004196,2568.5962570203437
TE-004197,4671.470823968626
TE-004198,2197.1534579620284
TE-004199,6296.078126641798
TE-004200,3203.7894748553263
TE-004201,2987.4833066144724
TE-004202,6380.243948504354
TE-004203,1886.1753506081072
TE-004204,3020.854783538182
TE-004205,3701.4330569715066
TE-004206,884.1475316141984
TE-004207,865.7901457050871
TE-004208,4999.492336275321
TE-004209,1605.6876101941662
TE-004210,1701.6894266925858
TE-004211,1639.9910189733823
TE-004212,5608.19189828266
TE-004213,3855.9109492029665
TE-004214,768.2838424059578
TE-004215,2705.226201305747
TE-004216,4316.83658549467
TE-004217,1150.6415952810298
TE-004218,1543.7707393976443
TE-004219,3267.828641323922
TE-004220,3686.005680843118
TE-004221,2832.176421862416
TE-004222,1147.7153007545473
TE-004223,1304.777710874906
TE-004224,3799.120209466926
TE-004225,1966.2109764312102
TE-004226,2154.9198479475685
TE-004227,3243.5881923700445
TE-004228,1782.2187858073885
TE-004229,966.7822579804192
TE-004230,2003.2889148668955
TE-004231,1836.246560312354
TE-004232,3620.709935346795
TE-004233,1321.348205118873
TE-004234,2009.2338115604152
TE-004235,370.9305882805486
TE-004236,4840.36460951087
TE-004237,1030.124311180872
TE-004238,1378.6079732195935
TE-004239,1467.2847427677557
TE-004240,1274.2552309539276
TE-004241,3637.403197429214
TE-004242,3855.3777942118118
TE-004243,1454.2797833784016
TE-004244,1239.8662463781907
TE-004245,1594.2282801568115
TE-004246,1255.715121436985
TE-004247,1722.0783000306096
TE-004248,1259.7895269447317
TE-004249,290.119481805134
TE-004250,1981.1570784700853
TE-004251,3019.092475074856
TE-004252,1259.802819994471
TE-004253,1299.7001665227394
TE-004254,590.5281576234238
TE-004255,1887.7977974966732
TE-004256,1693.5016051964608
TE-004257,3665.0544980994455
TE-004258,2049.0828065901455
TE-004259,2212.5434068649406
TE-004260,2862.554590039626
TE-004261,2359.8811738319614
TE-004262,942.5493689771076
TE-004263,4518.82115204916
TE-004264,926.9900701352258
TE-004265,1089.8266950236248
TE-004266,4914.082986107049
TE-004267,1011.4461764500045
TE-004268,4000.728209749286
TE-004269,4341.643028476392
TE-004270,2577.0177187014665
TE-004271,4957.973294913521
TE-004272,2250.2632972458996
TE-004273,924.5884885757057
TE-004274,1479.4578753669123
TE-004275,1163.5829835912086
TE-004276,2656.0009389736497
TE-004277,3782.3643084015994
TE-004278,817.7592290620703
TE-004279,2655.33975417496
TE-004280,2895.9532607894052
TE-004281,2331.863837247473
TE-004282,2635.552829005193
TE-004283,1117.4292232634652
TE-004284,2321.289687751784
TE-004285,567.5750157484433
TE-004286,5612.351167070128
TE-004287,2283.9011288615147
TE-004288,4600.0586724464665
TE-004289,3665.5700952790803
TE-004290,2188.950686518321
TE-004291,5467.036988017189
TE-004292,748.3442666486721
TE-004293,2611.051155821742
TE-004294,4400.66713922726
TE-004295,1607.0195611036725
TE-004296,1655.6841400926876
TE-004297,970.9250811300565
TE-004298,2598.235217221872
TE-004299,3025.473705085454
TE-004300,1877.7660444960172
TE-004301,785.2128072311564
TE-004302,768.3265263923961
TE-004303,3583.685580405566
TE-004304,1147.195640082634
TE-004305,922.6239414593292
TE-004306,4739.303888598454
TE-004307,2279.4167357214506
TE-004308,2067.878307692442
TE-004309,447.37077573993247
TE-004310,4522.83325580692
TE-004311,1187.2082095658038
TE-004312,1881.3384034471594
TE-004313,1216.2351759930223
TE-004314,4778.832321955095
TE-004315,1263.2956210710804
TE-004316,3146.013427945809
TE-004317,1906.4572276307429
TE-004318,3385.658553936734
TE-004319,2410.99049835779
TE-004320,4082.2521162379003
TE-004321,6201.882200763149
TE-004322,2858.6051258486386
TE-004323,2078.044444475256
TE-004324,3397.0729524656713
TE-004325,4004.57690142269
TE-004326,458.8264023417753
TE-004327,1946.7330605905163
TE-004328,3956.1428881318807
TE-004329,1844.160890349241
TE-004330,2579.588548268243
TE-004331,2752.676970052654
TE-004332,1247.6265135987583
TE-004333,2733.8941046705486
TE-004334,2350.0870595924653
TE-004335,1231.7759768611331
TE-004336,1529.7059120327335
TE-004337,1600.5771252476754
TE-004338,1628.4871598277173
TE-004339,1230.8518362489563
TE-004340,1529.4007930370344
TE-004341,2973.8406426357633
TE-004342,757.74120077934
TE-004343,3448.471874219233
TE-004344,1155.6971438217872
TE-004345,2309.5448809107447
TE-004346,934.5849523126342
TE-004347,277.9657215620455
TE-004348,2377.323124558873
TE-004349,3811.697507488957
TE-004350,2248.5055851275883
TE-004351,2910.747361525866
TE-004352,2795.165038137283
TE-004353,1627.006576597567
TE-004354,2439.2502175364107
TE-004355,5687.76836814751
TE-004356,857.1911305671958
TE-004357,2778.1102879106597
TE-004358,2982.638074454862
TE-004359,1309.895825658941
TE-004360,1355.0070699727812
TE-004361,3361.4924745135067
TE-004362,3658.390469689463
TE-004363,1332.8277083186172
TE-004364,1813.8810930894856
TE-004365,778.0785695242594
TE-004366,6084.954793259672
TE-004367,1330.0718838962653
TE-004368,2049.3267688094384
TE-004369,2121.624003728716
TE-004370,2698.961475117475
TE-004371,1848.3120418852918
TE-004372,5184.72997564992
TE-004373,843.879372278144
TE-004374,2596.0551534907027
TE-004375,3716.284656079018
TE-004376,1318.8658194568934
TE-004377,2363.857502652326
TE-004378,1518.2121248024941
TE-004379,5354.262919584809
TE-004380,1194.0405197055552
TE-004381,1687.7969954919834
TE-004382,2978.8648392892874
TE-004383,1049.4145772376173
TE-004384,979.0867837552146
TE-004385,256.1807324200761
TE-004386,2527.776655854529
TE-004387,426.17760866774574
TE-004388,2373.018681278205
TE-004389,636.3456087463801
TE-004390,1153.4010036029076
TE-004391,1060.270316487518
TE-004392,4169.611420156518
TE-004393,1020.3143747828316
TE-004394,3653.592147979533
TE-004395,5705.831129060861
TE-004396,3210.0828490471586
TE-004397,1845.6919750455484
TE-004398,1789.6775851161062
TE-004399,1030.2167642207671
TE-004400,467.95003560076316
TE-004401,2724.6376675657166
TE-004402,1098.5513168137913
TE-004403,1138.0944677553744
TE-004404,3496.7172615164354
TE-004405,867.3615934519953
TE-004406,723.5377234817402
TE-004407,1138.0756396030934
TE-004408,2965.4278424626445
TE-004409,2331.909761952225
TE-004410,1828.8732885376398
TE-004411,2675.7221611909167
TE-004412,977.2390817048222
TE-004413,2017.2315508933684
TE-004414,4484.746048231358
TE-004415,1853.2299418786963
TE-004416,1638.1513616263906
TE-004417,857.5102187809955
TE-004418,4821.933448265002
TE-004419,983.2287268694954
TE-004420,3631.9487074885274
TE-004421,2194.4661051095713
TE-004422,4289.970436780279
TE-004423,1057.0035537182152
TE-004424,1670.5441832262254
TE-004425,4751.154660571235
TE-004426,3752.890001660218
TE-004427,1851.593292346297
TE-004428,1116.4188584197218
TE-004429,2334.4470046130286
TE-004430,2525.599127606654
TE-004431,391.1548282043873
TE-004432,645.5649979661757
TE-004433,2431.6912056457336
TE-004434,5439.966003826661
TE-004435,3701.270929836128
TE-004436,2081.179359624724
TE-004437,2930.9702129357993
TE-004438,2214.021684920074
TE-004439,4164.593000197523
TE-004440,5261.997415395674
TE-004441,2288.7445542504556
TE-004442,797.0799096868627
TE-004443,2377.8374394261773
TE-004444,3843.862253651101
TE-004445,1220.9232451060848
TE-004446,2902.01844695281
TE-004447,4244.708140302555
TE-004448,2118.286392169296
TE-004449,3380.6208278779686
TE-004450,2163.5286594086865
TE-004451,956.3224589465281
TE-004452,1652.2987256079018
TE-004453,2226.1158844820325
TE-004454,2152.7215973929196
TE-004455,3639.6288526371018
TE-004456,3649.1233124619775
TE-004457,1182.6211828251971
TE-004458,1982.4318105980403
TE-004459,1428.287263734242
TE-004460,3380.753879573459
TE-004461,2555.84379695763
TE-004462,4758.743660968848
TE-004463,3438.5884670430514
TE-004464,821.5964997166504
TE-004465,1221.0145957234702
TE-004466,2259.3626770099986
TE-004467,4106.181385896067
TE-004468,3028.039249759304
TE-004469,957.1755548262527
TE-004470,1049.0345956183828
TE-004471,770.3236742049605
TE-004472,1394.9557659542256
TE-004473,4064.514308504811
TE-004474,2741.770722330312
TE-004475,1228.5211040670383
TE-004476,540.4791707554978
TE-004477,4114.217131573716
TE-004478,2171.474451984279
TE-004479,4405.840524937977
TE-004480,1933.801459993716
TE-004481,4937.680312133529
TE-004482,2514.0462015051994
TE-004483,4191.823775619789
TE-004484,5952.953899972797
TE-004485,4228.2972164301955
TE-004486,1901.2962661016786
TE-004487,3718.0709809203518
TE-004488,4670.425550043116
TE-004489,1184.1011415618973
TE-004490,2361.7494602124593
TE-004491,3436.0947259225923
TE-004492,3046.529606009669
TE-004493,1976.0323488424372
TE-004494,4324.039123826453
TE-004495,3905.6858508290807
TE-004496,3582.8827086133015
TE-004497,1530.4163500737945
TE-004498,3751.4939125251703
TE-004499,4350.010449154492
TE-004500,1268.6579726376535
TE-004501,4426.726366448755
TE-004502,2837.3894905419966
TE-004503,555.7059726199584
TE-004504,739.6449255080722
TE-004505,3615.2326424300436
TE-004506,3265.931653516113
TE-004507,2889.3358626983545
TE-004508,4645.630085808174
TE-004509,2702.6791653174737
TE-004510,2766.118269424782
TE-004511,2212.1501704080624
TE-004512,1504.659031206737
TE-004513,2009.6785392347724
TE-004514,1479.18203116011
TE-004515,4436.796702816535
TE-004516,4393.006458450727
TE-004517,1636.9796054771825
TE-004518,1366.6858481029176
TE-004519,3194.3548841920474
TE-004520,1306.677643610127
TE-004521,2696.869876609858
TE-004522,2311.7333310669196
TE-004523,5412.075296325123
TE-004524,4199.1710710721
TE-004525,2071.6363360476375
TE-004526,1010.446932062827
TE-004527,1274.6907351429231
TE-004528,3959.503902768206
TE-004529,890.0982614170857
TE-004530,1517.854921476739
TE-004531,2698.3696442408886
TE-004532,2007.5987659058687
TE-004533,2233.8828424828425
TE-004534,828.3682429249409
TE-004535,4280.540416478951
TE-004536,1950.240693620751
TE-004537,605.4440697137738
TE-004538,3699.508690666885
TE-004539,2621.9643923913445
TE-004540,529.212426525195
TE-004541,1971.1002621258103
TE-004542,2032.0110827452354
TE-004543,1363.6813786557245
TE-004544,630.0760967322301
TE-004545,5439.457797747205
TE-004546,5343.050388764006
TE-004547,4450.294133850099
TE-004548,4644.247374846688
TE-004549,1719.246665632974
TE-004550,5514.404583376824
TE-004551,4402.414358417612
TE-004552,1414.7174357729418
TE-004553,1813.9506875782215
TE-004554,1840.522969201258
TE-004555,3891.209275647835
TE-004556,3584.993720969209
TE-004557,2485.871862619045
TE-004558,468.63804922353074
TE-004559,865.7779850373208
TE-004560,1655.9951896691955
TE-004561,1111.80380381733
TE-004562,4385.312239285265
TE-004563,738.3542274831495
TE-004564,2936.6744486416355
TE-004565,1231.1655461227335
TE-004566,2938.0552062927304
TE-004567,319.3008114724141
TE-004568,627.6455638285713
TE-004569,664.567446239018
TE-004570,4555.451860798372
TE-004571,3404.261577751953
TE-004572,2016.0160906491094
TE-004573,5305.491563218376
TE-004574,745.3939256927547
TE-004575,2209.6175557334755
TE-004576,3160.199450303271
TE-004577,4442.482456471785
TE-004578,438.67502998775626
TE-004579,3076.9035977427784
TE-004580,2122.635516602009
TE-004581,1459.0062820158505
TE-004582,4061.9350046829686
TE-004583,2772.423885878194
TE-004584,1848.0771428773653
TE-004585,1630.244808860336
TE-004586,3968.570205916641
TE-004587,1553.8332631087885
TE-004588,1927.8348972427177
TE-004589,898.2459780821962
TE-004590,4539.4759158243
TE-004591,1944.4553540908703
TE-004592,1136.987515670748
TE-004593,1657.5260714980159
TE-004594,4147.294905889192
TE-004595,2773.863883655583
TE-004596,3679.516510176296
TE-004597,5049.033332811758
TE-004598,3143.140447746082
TE-004599,3024.651344159506
TE-004600,1333.5996112915618
TE-004601,3556.31942857428
TE-004602,2144.927725418481
TE-004603,1316.425559082969
TE-004604,3511.506943883106
TE-004605,1237.0242196049217
TE-004606,940.3136702802119
TE-004607,628.0011678913138
TE-004608,1934.5496678614097
TE-004609,3749.167433487668
TE-004610,3270.70191993502
TE-004611,2319.0188525881613
TE-004612,2222.587182360337
TE-004613,4270.537440181641
TE-004614,1710.3808247765592
TE-004615,2288.3730622754288
TE-004616,3659.243053795015
TE-004617,1001.1171661191829
TE-004618,5036.605787513143
TE-004619,1425.5458761127034
TE-004620,609.5292637585064
TE-004621,1699.7709179224296
TE-004622,2381.084359254143
TE-004623,602.1638823410549
TE-004624,4058.2713097819633
TE-004625,2361.7836042882177
TE-004626,3649.6053096894243
TE-004627,651.9063056163575
TE-004628,1018.094624210992
TE-004629,964.3347763452898
TE-004630,4178.435178274403
TE-004631,4712.118225842823
TE-004632,1715.0066983973918
TE-004633,1468.752417248307
TE-004634,4151.89832394102
TE-004635,4440.66543503382
TE-004636,6087.731946815296
TE-004637,4890.01084328329
TE-004638,3157.831564793292
TE-004639,1647.764138755696
TE-004640,1732.1862124040395
TE-004641,2205.5617266963527
TE-004642,1334.2306079464306
TE-004643,708.8648426408411
TE-004644,3747.335106727476
TE-004645,4213.445206685343
TE-004646,1614.4749441965992
TE-004647,2293.706762025219
TE-004648,360.2073982540103
TE-004649,1858.1445037765345
TE-004650,2117.169059309928
TE-004651,1150.6529460555898
TE-004652,4009.6216683365983
TE-004653,2646.138180030179
TE-004654,1952.8773752044594
TE-004655,1480.2543921324695
TE-004656,2683.6259757638954
TE-004657,2899.2433860636525
TE-004658,1695.5778727093311
TE-004659,2277.5250867871673
TE-004660,1790.6520064254007
TE-004661,1902.8752447304182
TE-004662,273.7349261239508
TE-004663,497.52389990605366
TE-004664,2967.4578697968454
TE-004665,3938.0283253243056
TE-004666,1923.414820146566
TE-004667,2019.4231800350635
TE-004668,1218.0483054084434
TE-004669,2877.8807899652816
TE-004670,1473.7746406781275
TE-004671,4428.750743874067
TE-004672,1496.7408946924775
TE-004673,1208.227822516733
TE-004674,1054.3751572406359
TE-004675,3688.3722889146993
TE-004676,3409.6125400875053
TE-004677,3857.155607810706
TE-004678,562.6751808051151
TE-004679,3401.969937282468
TE-004680,3742.7935263968075
TE-004681,1129.6757118940113
TE-004682,1623.697429539455
TE-004683,4966.399745316523
TE-004684,4218.090142277236
TE-004685,1733.9571247499755
TE-004686,1647.2078217676676
TE-004687,5427.401232867352
TE-004688,3750.821363512149
TE-004689,1521.1380657088926
TE-004690,3473.830796464609
TE-004691,2736.172671084654
TE-004692,1954.0212580934844
TE-004693,1441.8866960377356
TE-004694,3703.9328535373697
TE-004695,420.53306008657387
TE-004696,4367.3413117047685
TE-004697,4805.5078965857
TE-004698,3571.853682737475
TE-004699,2180.5071269282294
TE-004700,707.4631742976376
TE-004701,376.1833523141315
TE-004702,2194.6568911242007
TE-004703,1997.4353212153248
TE-004704,1669.5582943081774
TE-004705,442.028554744001
TE-004706,1691.5325239371055
TE-004707,4585.866119991631
TE-004708,1046.9490547068121
TE-004709,3134.7262690790185
TE-004710,354.63055162026467
TE-004711,3378.0752360222104
TE-004712,4118.371489155856
TE-004713,1434.1255070641573
TE-004714,2768.615236694075
TE-004715,1212.637668368268
TE-004716,1049.4302674284731
TE-004717,3996.536256612084
TE-004718,5360.457235059903
TE-004719,1292.2904060896794
TE-004720,2766.7989781646343
TE-004721,5157.036738885824
TE-004722,1584.1008418640783
TE-004723,4112.943888078954
TE-004724,1362.0359663729819
TE-004725,4892.67085045235
TE-004726,1437.6180700747805
TE-004727,836.3289050636295
TE-004728,886.324300614031
TE-004729,1840.4615227640977
TE-004730,902.2258735981538
TE-004731,4289.484195319181
TE-004732,1195.6389120855747
TE-004733,1518.378192085642
TE-004734,4564.870949299539
TE-004735,2344.9153976653306
TE-004736,1079.0739943307403
TE-004737,3813.363011341771
TE-004738,4039.107675449507
TE-004739,1488.4342876431897
TE-004740,5021.747422043825
TE-004741,1379.9381236924442
TE-004742,841.6966276987678
TE-004743,1709.4701538296436
TE-004744,4047.95600485651
TE-004745,3877.632924586294
TE-004746,3815.6775862593513
TE-004747,594.2142611203453
TE-004748,2560.9388406437643
TE-004749,1965.6345363649807
TE-004750,909.2339849168557
TE-004751,4302.190087770974
TE-004752,2219.6113324757634
TE-004753,2360.984366041688
TE-004754,1050.0545791345482
TE-004755,522.4922809548634
TE-004756,1512.522322916757
TE-004757,4596.838195114387
TE-004758,1098.313130680363
TE-004759,4595.736312094186
TE-004760,4587.41835686525
TE-004761,900.750357597957
TE-004762,3753.7996323752545
TE-004763,1603.7942160066445
TE-004764,4784.219937943593
TE-004765,767.6224690966117
TE-004766,4286.42338302785
TE-004767,1248.7518666124058
TE-004768,1094.7490091092823
TE-004769,3393.839874077231
TE-004770,1407.6743421110357
TE-004771,3444.7677462796128
TE-004772,1614.734349734709
TE-004773,1074.0682570835302
TE-004774,4491.625085606745
TE-004775,464.9230483490667
TE-004776,1335.9113891916545
TE-004777,377.4327959074774
TE-004778,1514.2078026823283
TE-004779,4407.979229590492
TE-004780,2930.8403269922665
TE-004781,2673.245547357016
TE-004782,794.2385657957302
TE-004783,1977.5917593886213
TE-004784,1604.8760789040584
TE-004785,1190.1673096159766
TE-004786,4168.620550182815
TE-004787,2856.599063201376
TE-004788,511.78060268628997
TE-004789,1708.934585077575
TE-004790,1331.5265194934755
TE-004791,1635.916220778141
TE-004792,758.3024796932359
TE-004793,4275.343711668443
TE-004794,756.1998370286296
TE-004795,1523.4940246799317
TE-004796,1759.5627944586581
TE-004797,736.0987549267686
TE-004798,1965.8863224074842
TE-004799,797.1912839336542
TE-004800,2903.458304324744
TE-004801,2652.8849753232926
TE-004802,1287.64178589689
TE-004803,3558.8957344358514
TE-004804,1785.9915759690184
TE-004805,774.0028594482662
TE-004806,5960.890266656393
TE-004807,2784.737333967969
TE-004808,1369.402146740067
TE-004809,3569.3705561195757
TE-004810,1767.1056750593239
TE-004811,1263.2058480204396
TE-004812,4060.876104185928
TE-004813,3589.492290234528
TE-004814,620.2885506872992
TE-004815,4796.625184084791
TE-004816,3157.6911098327746
TE-004817,3500.82684920158
TE-004818,2703.202944689789
TE-004819,2227.630741517733
TE-004820,2516.732399826775
TE-004821,1152.3176161205088
TE-004822,2750.7088859792557
TE-004823,1423.9453957403525
TE-004824,3599.5179695043485
TE-004825,1222.0921923797905
TE-004826,2116.9985395880144
TE-004827,2190.618318086868
TE-004828,659.453830714976
TE-004829,2160.5846579583886
TE-004830,3314.001324388767
TE-004831,2357.031463949505
TE-004832,1793.3471377483577
TE-004833,2275.0623554685562
TE-004834,529.6992188977749
TE-004835,725.0515986795251
TE-004836,4430.396891712517
TE-004837,244.8130555941275
TE-004838,2703.945326526239
TE-004839,1731.398899509469
TE-004840,2567.4848761978965
TE-004841,1061.1855207907051
TE-004842,2210.7022010442465
TE-004843,1820.3214911234097
TE-004844,1869.4125217242963
TE-004845,1334.7286485946347
TE-004846,728.1815409429753
TE-004847,4167.452271351547
TE-004848,4215.7161418742035
TE-004849,4158.1091087727145
TE-004850,2354.7848102695525
TE-004851,1452.465220603591
TE-004852,3922.463271319528
TE-004853,2212.530126860434
TE-004854,865.5766542242366
TE-004855,1131.6021485653537
TE-004856,2246.8700698125895
TE-004857,572.9375231409686
TE-004858,4798.467369800482
TE-004859,1525.4292732434023
TE-004860,1026.3151821545805
TE-004861,1660.1142403560848
TE-004862,603.6514574653106
TE-004863,961.6793063897442
TE-004864,1587.9175707905497
TE-004865,2444.0872194686526
TE-004866,5651.907587838161
TE-004867,2824.0218350184914
TE-004868,954.199012339727
TE-004869,4559.306944765993
TE-004870,4166.073910971613
TE-004871,1125.0995200952216
TE-004872,2513.5553678712154
TE-004873,3981.378290273825
TE-004874,2073.3696691049954
TE-004875,1072.146043959306
TE-004876,528.8019119922387
TE-004877,856.6632815057512
TE-004878,947.7940629169352
TE-004879,3333.5102579800027
TE-004880,1704.694853406952
TE-004881,847.5967288271295
TE-004882,1515.5765076735165
TE-004883,929.9825253582387
TE-004884,2597.8766240379896
TE-004885,750.3971288160437
TE-004886,1610.9647967016626
TE-004887,1607.2547725963032
TE-004888,1801.4472220133264
TE-004889,2929.73317980733
TE-004890,2197.23913046216
TE-004891,1858.0828940447502
TE-004892,3410.5288508923263
TE-004893,1917.8133910600725
TE-004894,1180.955509204302
TE-004895,4236.765905069285
TE-004896,2710.419162021233
TE-004897,2512.353725218943
TE-004898,1089.9964188113167
TE-004899,3599.997622750525
TE-004900,4148.405401727932
TE-004901,856.8894543089691
TE-004902,2135.828929109848
TE-004903,856.4069637450066
TE-004904,500.3661628629893
TE-004905,1570.1034098062964
TE-004906,4699.126336520279
TE-004907,1414.4222904431017
TE-004908,6577.010666629643
TE-004909,4148.981671674599
TE-004910,2824.2087159974308
TE-004911,1558.8132362104407
TE-004912,3237.7431674791383
TE-004913,1556.1045863086347
TE-004914,4113.087731819631
TE-004915,2838.5849342728293
TE-004916,1027.7579035193314
TE-004917,4773.5337006201535
TE-004918,3498.6723949192356
TE-004919,3247.1934119254256
TE-004920,633.5679143928887
TE-004921,1539.5262389214404
TE-004922,1342.9447683829721
TE-004923,927.2997859806042
TE-004924,2666.118237423795
TE-004925,3415.769927344752
TE-004926,4235.825855528039
TE-004927,1615.821817924104
TE-004928,3520.150927758973
TE-004929,3329.5771328109495
TE-004930,532.4425669966122
TE-004931,1407.3819076956224
TE-004932,769.540587472168
TE-004933,2280.290896024128
TE-004934,5442.460506693522
TE-004935,2482.5908449357303
TE-004936,2781.415466911042
TE-004937,1413.315244239526
TE-004938,3451.9467703068285
TE-004939,4090.4808822110867
TE-004940,2128.3316123534873
TE-004941,5379.835840950142
TE-004942,1121.3163127533317
TE-004943,3473.888479737664
TE-004944,3715.5684402753523
TE-004945,2120.5726229261822
TE-004946,5776.874106364408
TE-004947,1154.964849087426
TE-004948,4087.1163672484035
TE-004949,525.3831364985401
TE-004950,1016.4719007320814
TE-004951,1373.7744687390687
TE-004952,1092.970862106898
TE-004953,4094.3418916196833
TE-004954,1356.2643809692827
TE-004955,3849.2171578717257
TE-004956,1552.4206606242562
TE-004957,2237.7622364893928
TE-004958,681.1936996001859
TE-004959,1240.5338181549778
TE-004960,2958.301734648029
TE-004961,1390.8583447677202
TE-004962,4297.965616456373
TE-004963,2824.966650316457
TE-004964,3724.76960909646
TE-004965,3312.973854153107
TE-004966,2435.7565423015335
TE-004967,3676.0057079584917
TE-004968,1495.6627322803267
TE-004969,586.2153868405208
TE-004970,793.2291594353126
TE-004971,3721.352825467308
TE-004972,1606.527063524011
TE-004973,2470.487791709128
TE-004974,1693.3979535526064
TE-004975,1931.7656648071447
TE-004976,1323.6161060812626
TE-004977,2763.845862808396
TE-004978,5513.968727173569
TE-004979,1101.346439006083
TE-004980,1438.2084023443076
TE-004981,1401.840537962931
TE-004982,3751.6998815039688
TE-004983,5416.0959278858945
TE-004984,1258.6920838356768
TE-004985,933.7453885166133
TE-004986,3474.44772305051
TE-004987,1435.2340338014624
TE-004988,3665.0998979748992
TE-004989,841.3442654245441
TE-004990,2102.507138425744
TE-004991,2556.716046758883
TE-004992,1773.8280883210318
TE-004993,485.3972140524702
TE-004994,1091.9487657671575
TE-004995,4142.478163431095
TE-004996,5796.613032872617
TE-004997,4910.003329838642
TE-004998,4174.915722407519
TE-004999,2215.068936658461
TE-005000,1850.0968436853414
TE-005001,1137.9323379842863
TE-005002,1801.062988728768
TE-005003,3709.5383389989174
TE-005004,2820.857286570552
TE-005005,1896.8183464941396
TE-005006,1226.2088966826511
TE-005007,745.1354549227331
TE-005008,3400.1296344513476
TE-005009,3096.299989340887
TE-005010,1937.022463015682
TE-005011,896.6480083940171
TE-005012,1138.9072597450381
TE-005013,2332.6802743254416
TE-005014,1100.1855543552151
TE-005015,1668.8392079393177
TE-005016,1042.9374693804682
TE-005017,1141.6523512734984
TE-005018,3475.954023940085
TE-005019,1645.0061182035454
TE-005020,1086.1454664997937
TE-005021,3031.757669843915
TE-005022,1269.80829975933
TE-005023,1034.3205105277734
TE-005024,1132.8568925589088
TE-005025,3900.7317460360136
TE-005026,367.1246593524377
TE-005027,1151.81244533992
TE-005028,1531.2047407599666
TE-005029,2242.5134715136137
TE-005030,1121.0616505257158
TE-005031,878.5217412161808
TE-005032,977.0769091346576
TE-005033,894.0411919487624
TE-005034,1883.130952065675
TE-005035,1436.6285258127339
TE-005036,1048.8207505192668
TE-005037,3460.2294185190813
TE-005038,727.4709746755289
TE-005039,2354.930535756301
TE-005040,6253.612665794254
TE-005041,2645.5091164949736
TE-005042,1184.2089512061657
TE-005043,2961.796710592161
TE-005044,2072.306298861601
TE-005045,1273.7026151075506
TE-005046,5796.423891635163
TE-005047,5170.620631655701
TE-005048,494.58977200684285
TE-005049,4268.5604363076645
TE-005050,2533.271426599134
TE-005051,1146.2794198276774
TE-005052,4018.289453811758
TE-005053,814.6175739887833
TE-005054,1605.1829432635077
TE-005055,1502.6669782327226
TE-005056,2658.314101048578
TE-005057,1118.1845431198635
TE-005058,3631.9987675845923
TE-005059,4785.234228260087
TE-005060,1426.5575582621727
TE-005061,4388.202308618918
TE-005062,2279.0018289770765
TE-005063,3190.813244543261
TE-005064,2715.6509270619094
TE-005065,529.0212367166127
TE-005066,2451.6775197562565
TE-005067,5451.661834603014
TE-005068,1013.0795551883913
TE-005069,2586.605245445918
TE-005070,2458.75623741131
TE-005071,2285.0389890900287
TE-005072,1915.3044751707155
TE-005073,3937.4005362577527
TE-005074,1401.7051988394444
TE-005075,2157.2727517941266
TE-005076,1069.7015777330237
TE-005077,948.0587694539904
TE-005078,1021.0635418405868
TE-005079,4455.119045961795
TE-005080,1102.2252156469071
TE-005081,1055.1091903913314
TE-005082,3980.801100470338
TE-005083,3533.806166533001
TE-005084,5142.9423221398165
TE-005085,4227.941718211562
TE-005086,1738.8883262206698
TE-005087,4395.686333821438
TE-005088,3777.2362668697597
TE-005089,4355.4242595256255
TE-005090,4044.0199636283332
TE-005091,1499.5193233615819
TE-005092,4083.338462496453
TE-005093,840.9484008349925
TE-005094,1955.8231795605209
TE-005095,907.5895445949329
TE-005096,2510.7084882518307
TE-005097,2770.9116607136184
TE-005098,4099.582400403431
TE-005099,1227.0743791082534
TE-005100,5405.706547919647
TE-005101,2785.137663434066
TE-005102,1409.3426228706796
TE-005103,3741.266475961648
TE-005104,3796.691327140471
TE-005105,842.0894814769827
TE-005106,824.6566061211704
TE-005107,2136.2722889226575
TE-005108,6477.979113511801
TE-005109,1977.4972181625758
TE-005110,2256.7124452175876
TE-005111,2913.935042491711
TE-005112,880.1884184718344
TE-005113,1078.730441338751
TE-005114,1174.124103784654
TE-005115,836.9931162199866
TE-005116,511.56056160139565
TE-005117,2711.440742684132
TE-005118,1630.1584358769528
TE-005119,5158.009432552522
TE-005120,2398.0977808239286
TE-005121,1785.3225932294345
TE-005122,884.1441694206931
TE-005123,2577.366010379743
TE-005124,1275.718583450935
TE-005125,3584.849443211208
TE-005126,421.0285476252511
TE-005127,1929.5878764684564
TE-005128,4089.206392588672
TE-005129,1705.1687973194284
TE-005130,620.8729634419631
TE-005131,1904.7676696970068
TE-005132,1758.636547696851
TE-005133,1426.2895558237042
TE-005134,1056.6823234053577
TE-005135,2203.032805368922
TE-005136,2796.8734623266064
TE-005137,4308.318547649244
TE-005138,1127.0228876870528
TE-005139,1420.281408302998
TE-005140,1732.0993578392568
TE-005141,1204.3644658379812
TE-005142,4734.011712584181
TE-005143,3688.518168421473
TE-005144,3201.605688884859
TE-005145,3494.0621459009944
TE-005146,5572.9326029645945
TE-005147,616.0889101546602
TE-005148,1899.9879051882049
TE-005149,2429.837339202088
TE-005150,3046.6003966395074
TE-005151,4475.320699802816
TE-005152,2122.5582129963236
TE-005153,2148.1913967063592
TE-005154,1591.3748536666803
TE-005155,2194.4255515388686
TE-005156,1599.445953204713
TE-005157,4626.532456369348
TE-005158,4611.696066217869
TE-005159,3032.748674132954
TE-005160,1938.2998281949338
TE-005161,2486.4849676073363
TE-005162,3830.737364223441
TE-005163,204.69002747787522
TE-005164,2717.221535969547
TE-005165,2176.7087866117627
TE-005166,516.6462824121684
TE-005167,603.734220611155
TE-005168,3821.167391257366
TE-005169,2187.1309432697835
TE-005170,3468.9584661526605
TE-005171,718.4269347695181
TE-005172,461.49870989938154
TE-005173,2284.2556257972306
TE-005174,4018.20678816013
TE-005175,857.1296075294022
TE-005176,1979.1508531551156
TE-005177,941.0395235888409
TE-005178,2230.7961847309434
TE-005179,3301.7968799407154
TE-005180,3529.689303169611
TE-005181,624.2931672165855
TE-005182,1737.2245805544253
TE-005183,4713.670832339545
TE-005184,1871.1467719133975
TE-005185,1700.3209358500903
TE-005186,4344.8650098681765
TE-005187,2500.0653725186435
TE-005188,2699.8349910013067
TE-005189,2362.798379450327
TE-005190,4588.7316355244675
TE-005191,5768.344933295923
TE-005192,708.8246084971802
TE-005193,3919.07887265668
TE-005194,3188.471709410963
TE-005195,3462.6455951276644
TE-005196,4729.6256041757115
TE-005197,3552.4367161744453
TE-005198,788.250488005415
TE-005199,1881.3358518871373
TE-005200,3413.933434848595
TE-005201,961.0772875397947
TE-005202,2742.651358921724
TE-005203,1142.3114459270066
TE-005204,944.8853015597356
TE-005205,2045.9789109327492
TE-005206,4834.560000077883
TE-005207,4685.530105033939
TE-005208,3058.718759296683
TE-005209,2482.92180129463
TE-005210,1435.0873443124888
TE-005211,4668.377699182612
TE-005212,1903.0395074955647
TE-005213,1638.3671177827964
TE-005214,1638.9121742342397
TE-005215,2229.021416308248
TE-005216,4306.372890195682
TE-005217,1153.350055256596
TE-005218,2871.4868557069176
TE-005219,1936.9560978857858
TE-005220,1210.5649431566117
TE-005221,1825.8646796246114
TE-005222,2071.991289220641
TE-005223,534.5342162744384
TE-005224,2219.9951970453226
TE-005225,1255.5539011691487
TE-005226,4370.28650187436
TE-005227,4511.1302409488235
TE-005228,1904.7576233574775
TE-005229,2120.799876251212
TE-005230,3295.6720995280075
TE-005231,1453.319166028834
TE-005232,786.872860175826
TE-005233,2057.685209312144
TE-005234,1780.1073853176163
TE-005235,3494.810235395288
TE-005236,3343.285606693436
TE-005237,2339.5080482604517
TE-005238,4280.884946480506
TE-005239,3532.540219950967
TE-005240,812.2999010852247
TE-005241,4731.468815194172
TE-005242,4103.199269254288
TE-005243,1101.9276609028184
TE-005244,3351.2219882211425
TE-005245,1887.4188633167123
TE-005246,2679.8713554573733
TE-005247,3087.4114464616414
TE-005248,1918.5366501330532
TE-005249,1425.9854702108703
TE-005250,338.46649383357453
TE-005251,1379.2314517891764
TE-005252,1636.9522815831388
TE-005253,1372.9693731208667
TE-005254,913.5965238444549
TE-005255,677.2924956441141
TE-005256,2470.7620022682663
TE-005257,4792.643040279721
TE-005258,1397.1004285639763
TE-005259,1980.0687837520068
TE-005260,3073.7433265020372
TE-005261,1452.8455897906215
TE-005262,1282.4419876049005
TE-005263,3826.0266206174615
TE-005264,824.25327658025
TE-005265,3887.3657169659664
TE-005266,2847.468145890415
TE-005267,1047.113726142089
TE-005268,1447.5670158139565
TE-005269,1410.6515944836885
TE-005270,4058.0680278816735
TE-005271,1361.2074565350474
TE-005272,2851.5904045344614
TE-005273,794.0629283107962
TE-005274,1682.5372936113527
TE-005275,1672.424556921979
TE-005276,4477.995989895127
TE-005277,3637.39897705615
TE-005278,2351.5417577711332
TE-005279,2044.4969824858335
TE-005280,1532.893266642352
TE-005281,4223.547540226828
TE-005282,3980.971036998006
TE-005283,2631.0869878099156
TE-005284,1425.5673323496767
TE-005285,4323.118434919929
TE-005286,911.5401933801866
TE-005287,1866.5496091230164
TE-005288,2897.032378367211
TE-005289,3471.1835419593826
TE-005290,867.156609426489
TE-005291,983.0979312386025
TE-005292,1395.3249103466014
TE-005293,464.45333709763577
TE-005294,4317.168795022451
TE-005295,1160.93921884246
TE-005296,2467.172558815924
TE-005297,1067.366128341878
TE-005298,2851.6322289846344
TE-005299,2931.762458479394
TE-005300,5924.745144275667
TE-005301,1010.959609503
TE-005302,1090.2232975397253
TE-005303,2316.664765468416
TE-005304,4154.296389749927
TE-005305,606.3915942032975
TE-005306,2012.7172462344834
TE-005307,3510.900436311799
TE-005308,1015.6113929802542
TE-005309,749.729574559954
TE-005310,4824.638701307098
TE-005311,1641.1536564895996
TE-005312,1666.8411845114015
TE-005313,2043.2165348125018
TE-005314,1253.1949085849737
TE-005315,844.743050348701
TE-005316,642.7804868032911
TE-005317,3577.557163409698
TE-005318,4601.2889856418915
TE-005319,386.5457840237186
TE-005320,1877.3758355175376
TE-005321,761.9569434109032
TE-005322,2223.936150604113
TE-005323,395.0056651357588
TE-005324,2716.033367923081
TE-005325,3801.4345750688954
TE-005326,3492.951178142686
TE-005327,1785.3148422361342
TE-005328,1995.215401194495
TE-005329,4179.949224914077
TE-005330,1586.863882979319
TE-005331,5544.111674940546
TE-005332,4563.146468537532
TE-005333,1799.191017618516
TE-005334,732.101630404333
TE-005335,1648.1715337726846
TE-005336,1763.1357578417974
TE-005337,3035.669619631478
TE-005338,3818.3082840458715
TE-005339,1794.5859818301317
TE-005340,1245.6698045784792
TE-005341,4944.815946126499
TE-005342,4246.40206011993
TE-005343,4808.147361544755
TE-005344,4494.721838491964
TE-005345,1058.8489549745018
TE-005346,1998.0585156620157
TE-005347,3980.8871872950845
TE-005348,3692.343056076672
TE-005349,1428.7679251403233
TE-005350,2958.3750787244476
TE-005351,1964.779211083175
TE-005352,2873.805624250491
TE-005353,4791.034977596606
TE-005354,984.6571474400773
TE-005355,3684.6012975956887
TE-005356,3247.9920775199066
TE-005357,2056.873419891092
TE-005358,1377.875908271762
TE-005359,1343.0405954343473
TE-005360,1525.9489693943942
TE-005361,3933.7511943003965
TE-005362,856.4660899876558
TE-005363,387.40971541645627
TE-005364,1033.4580333697397
TE-005365,2568.6383232274284
TE-005366,359.48187883746095
TE-005367,4494.705548541059
TE-005368,3737.1366648931526
TE-005369,1162.3324025711127
TE-005370,2481.886292495806
TE-005371,1563.9955268759334
TE-005372,1807.6732820091142
TE-005373,1628.7155269251643
TE-005374,1364.545551059573
TE-005375,877.9871101674471
TE-005376,1464.8271207373195
TE-005377,3143.3450082365507
TE-005378,774.9396467479692
TE-005379,3919.8705833461972
TE-005380,1436.5218968919116
TE-005381,4632.50534114248
TE-005382,6447.9629228668055
TE-005383,2150.6180167819102
TE-005384,1208.3925818005946
TE-005385,4769.005993297091
TE-005386,2209.19515450639
TE-005387,2570.3318733317647
TE-005388,3137.0782716480917
TE-005389,1165.7107740534593
TE-005390,3731.76090978489
TE-005391,4055.45923128954
TE-005392,2308.631084176742
TE-005393,4227.601432775096
TE-005394,3656.8422617432116
TE-005395,1822.6868579349461
TE-005396,3899.3798781971286
TE-005397,1074.4283411904216
TE-005398,3435.086268482376
TE-005399,3605.1904077853997
TE-005400,1801.0753896541628
TE-005401,4346.322616977088
TE-005402,2641.1244863306906
TE-005403,1921.7656659978031
TE-005404,1929.9809316023466
TE-005405,2157.626733399704
TE-005406,1729.5637209462502
TE-005407,4291.134502494249
TE-005408,3771.425744131707
TE-005409,4407.31219147812
TE-005410,2337.93121267117
TE-005411,3274.617218554623
TE-005412,3901.1614900819905
TE-005413,1133.3799720090228
TE-005414,1208.047681982381
TE-005415,5019.381332289183
TE-005416,636.0083550553566
TE-005417,3690.8989407428144
TE-005418,4421.346548266992
TE-005419,2729.1576381166647
TE-005420,766.5842183154084
TE-005421,281.77174710323106
TE-005422,624.7498357458942
TE-005423,4828.130766291881
TE-005424,3993.149872884177
TE-005425,1652.9033741496794
TE-005426,1538.7736544483614
TE-005427,4503.82791543684
TE-005428,5169.686751656682
TE-005429,654.3116210638952
TE-005430,1625.9664626784286
TE-005431,2123.327124291341
TE-005432,2975.567997594284
TE-005433,1532.0546885469807
TE-005434,2569.4145476592576
TE-005435,580.8516870869894
TE-005436,4114.049031170805
TE-005437,3689.946220369149
TE-005438,877.2148166422846
TE-005439,800.5133459629762
TE-005440,1137.3910961416009
TE-005441,2232.530250567664
TE-005442,2179.4928361025036
TE-005443,2792.4397062884227
TE-005444,1794.446320709926
TE-005445,1588.3012773912242
TE-005446,1141.0698536148034
TE-005447,2346.423467930133
TE-005448,2311.9912486670555
TE-005449,3583.403522575687
TE-005450,1264.2378809264478
TE-005451,2829.4399829450126
TE-005452,1556.3844984585253
TE-005453,1761.8302391214218
TE-005454,2801.3450821937236
TE-005455,1195.4895582672161
TE-005456,3594.1053705579952
TE-005457,557.7114736071308
TE-005458,3061.138844654368
TE-005459,4155.906341069256
TE-005460,624.5658034239971
TE-005461,1727.5651203181496
TE-005462,280.3687792771839
TE-005463,1682.350087524998
TE-005464,3843.048227115808
TE-005465,2426.9395883203597
TE-005466,1556.741195596813
TE-005467,505.19998615274517
TE-005468,673.6460265870514
TE-005469,2381.3572839045455
TE-005470,1283.9132454978328
TE-005471,562.6842999356152
TE-005472,1596.0456304695347
TE-005473,1395.1675198012126
TE-005474,2630.8361630723653
TE-005475,3633.0033852899796
TE-005476,4284.770163548415
TE-005477,3381.2564238860814
TE-005478,822.9258327951654
TE-005479,1186.7877499636713
TE-005480,3849.881217988613
TE-005481,3713.7037712022566
TE-005482,6457.460476794801
TE-005483,2963.170854458213
TE-005484,3390.0380150816727
TE-005485,632.742718175572
TE-005486,2858.3628137605974
TE-005487,3992.589077289559
TE-005488,1990.3241120572338
TE-005489,3942.5823709614015
TE-005490,4216.832798305894
TE-005491,4035.327085792177
TE-005492,1491.292311968316
TE-005493,704.531657262959
TE-005494,2752.2879247990277
TE-005495,1957.7013379847785
TE-005496,1371.1543180495223
TE-005497,5000.5491279657035
TE-005498,1486.0083839232989
TE-005499,1385.7710547875527
TE-005500,3059.427181952953
TE-005501,2734.3906979535795
TE-005502,5016.354898123596
TE-005503,1015.9176046177444
TE-005504,1520.3175785697767
TE-005505,3607.5567978454574
TE-005506,1409.0448564822937
TE-005507,1696.7629928788651
TE-005508,1333.236687166684
TE-005509,1478.2348848083352
TE-005510,1166.9959446931302
TE-005511,1827.1128317847472
TE-005512,1722.7448419858852
TE-005513,1136.5378943824253
TE-005514,1745.413596639797
TE-005515,2008.5424662668152
TE-005516,873.6330409216919
TE-005517,2127.0107890021645
TE-005518,1388.7731077450449
TE-005519,1414.9834970732418
TE-005520,1628.6193410585229
TE-005521,3553.5674241846978
TE-005522,873.020948693246
TE-005523,1971.724646582338
TE-005524,2798.8872885213545
TE-005525,625.285555862514
TE-005526,5309.434870673422
TE-005527,1055.7455539676866
TE-005528,4669.555558673297
TE-005529,1216.353808049459
TE-005530,6058.936508829474
TE-005531,2482.718416490095
TE-005532,1030.5787469161285
TE-005533,3190.281916585119
TE-005534,3377.686940481857
TE-005535,2636.419950395972
TE-005536,1280.9113231272531
TE-005537,3503.187386830768
TE-005538,597.2056304827806
TE-005539,1925.1457496367202
TE-005540,4704.626602488786
TE-005541,2180.172001147685
TE-005542,5524.3568502920725
TE-005543,823.9574038229212
TE-005544,2021.9284059978638
TE-005545,1754.4834807317297
TE-005546,890.6474778784905
TE-005547,5920.440237705256
TE-005548,1639.9784287539544
TE-005549,3808.4228945588857
TE-005550,4760.652156769772
TE-005551,911.7236908732746
TE-005552,4327.862287954996
TE-005553,4156.599780128196
TE-005554,1599.5307657471535
TE-005555,2069.654494508512
TE-005556,779.6875494161484
TE-005557,5754.608253637607
TE-005558,3790.454049521269
TE-005559,594.723458141717
TE-005560,1213.6271380440357
TE-005561,2193.341271916258
TE-005562,1605.5739918496172
TE-005563,3787.5761252449993
TE-005564,2266.6913925815
TE-005565,1395.431670973686
TE-005566,2079.505803181406
TE-005567,3430.9754718779095
TE-005568,1369.5830318366295
TE-005569,823.811840056391
TE-005570,2686.3679503468293
TE-005571,4077.5656581178487
TE-005572,477.3340125637601
TE-005573,1949.4987385591487
TE-005574,2469.128699796596
TE-005575,1631.0884865111302
TE-005576,558.7119967489534
TE-005577,1777.793263192898
TE-005578,1700.3395309385048
TE-005579,2091.5480684174217
TE-005580,415.0574385306361
TE-005581,806.7345433933369
TE-005582,1647.8287991101079
TE-005583,2609.3226844565875
TE-005584,2198.1957381030616
TE-005585,3474.23214484732
TE-005586,4199.1969647596325
TE-005587,845.376401720848
TE-005588,622.4544814507717
TE-005589,1930.0452999060283
TE-005590,960.9482073652382
TE-005591,1931.4204010382327
TE-005592,2940.787542390306
TE-005593,4412.826649811317
TE-005594,1491.1944362862434
TE-005595,3261.2313710020567
TE-005596,2411.3563371127802
TE-005597,3627.3886744913952
TE-005598,2209.2877773337204
TE-005599,4818.615893604154
TE-005600,2089.0420431163056
TE-005601,1807.440372278204
TE-005602,5161.540588356014
TE-005603,2136.249657037901
TE-005604,1382.466165735445
TE-005605,2611.7668282834047
TE-005606,499.15833657884195
TE-005607,5218.860603458776
TE-005608,1662.4661902856017
TE-005609,1524.5606223632878
TE-005610,1354.198439733307
TE-005611,3132.27232312033
TE-005612,2081.654152202755
TE-005613,4653.028908467125
TE-005614,2700.8146592646867
TE-005615,2528.9586657158807
TE-005616,2914.136873069019
TE-005617,4630.473190237142
TE-005618,1639.6316604932763
TE-005619,1040.9441820886882
TE-005620,4244.066524507727
TE-005621,548.7125104188628
TE-005622,4540.816137637882
TE-005623,2697.401775147996
TE-005624,6110.205445267964
TE-005625,3782.9133750266446
TE-005626,1828.5512836846212
TE-005627,1420.9164233094561
TE-005628,1092.9494764561682
TE-005629,3096.809362983391
TE-005630,2681.433765496596
TE-005631,566.055619239936
TE-005632,1021.4945957740656
TE-005633,609.6793586403082
TE-005634,5545.924283117416
TE-005635,4717.562621081772
TE-005636,1114.6979055220418
TE-005637,1153.1564319776685
TE-005638,359.5587859150787
TE-005639,1368.2726795865333
TE-005640,2623.9423883347517
TE-005641,4542.801352591028
TE-005642,2091.4792450343957
TE-005643,554.2626829319138
TE-005644,2518.231675219199
TE-005645,2348.2181963319026
TE-005646,5654.953548205751
TE-005647,1876.8584698825107
TE-005648,436.7501359934629
TE-005649,1789.8879964970517
TE-005650,3637.9652575522614
TE-005651,894.4278457693297
TE-005652,1573.7890634975302
TE-005653,1404.3344459482055
TE-005654,4858.38308679003
TE-005655,4092.143031360578
TE-005656,1733.1487618153305
TE-005657,553.1528930632421
TE-005658,881.2951074751215
TE-005659,4585.960397851666
TE-005660,3820.582177256432
TE-005661,1383.3911592307395
TE-005662,2392.438459247578
TE-005663,3428.603671797453
TE-005664,1206.2121136799128
TE-005665,1149.2433680518975
TE-005666,1356.331630471534
TE-005667,2042.3313983908513
TE-005668,2028.659536121061
TE-005669,2394.268039055212
TE-005670,763.7990278226223
TE-005671,1400.1424374870217
TE-005672,2173.484918077944
TE-005673,405.35783946309357
TE-005674,4097.4616201046265
TE-005675,4381.6377494792705
TE-005676,1791.814877907851
TE-005677,691.6299652849334
TE-005678,3063.5855217256085
TE-005679,5059.72704030644
TE-005680,2878.5666156539396
TE-005681,4137.963176303441
TE-005682,2377.3249726307786
TE-005683,2626.5245997788707
TE-005684,4533.518078494118
TE-005685,3058.219240892336
TE-005686,2884.0719034438202
TE-005687,5122.573873355917
TE-005688,4113.652924380502
TE-005689,989.742838277871
TE-005690,397.3223713627192
TE-005691,1537.4543760953557
TE-005692,3492.638754429787
TE-005693,1736.4665809589815
TE-005694,5467.915229355746
TE-005695,4585.602229954626
TE-005696,2242.199660176932
TE-005697,2578.7003439646005
TE-005698,736.6754947640568
TE-005699,1119.964588736204
TE-005700,1617.863312541335
TE-005701,2002.6986846908699
TE-005702,3112.7488805637113
TE-005703,4821.339202585545
TE-005704,885.3376436369958
TE-005705,3656.573174296511
TE-005706,891.2187763394504
TE-005707,1590.698786039658
TE-005708,3387.6386087395836
TE-005709,1166.1115905575662
TE-005710,619.2482787743816
TE-005711,1507.7667280151209
TE-005712,1733.2937284387958
TE-005713,1651.257137190761
TE-005714,1007.4716632627714
TE-005715,2527.8964570968974
TE-005716,5048.784376246886
TE-005717,1149.919087349765
TE-005718,1836.5370535191955
TE-005719,1118.9405548873706
TE-005720,3864.4227471694257
TE-005721,1141.9906055159322
TE-005722,1953.6990914560356
TE-005723,2188.196699967872
TE-005724,4385.079032162321
TE-005725,1226.453050021324
TE-005726,1326.8836118442496
TE-005727,960.2065724164474
TE-005728,345.7697839939847
TE-005729,3302.5577843926912
TE-005730,4596.052119113763
TE-005731,1915.7679917975106
TE-005732,4411.539572073617
TE-005733,2281.538822875112
TE-005734,1018.6044673605207
TE-005735,651.8470257337035
TE-005736,4395.63213912648
TE-005737,3200.8018783205844
TE-005738,382.4942109827266
TE-005739,4898.12852189293
TE-005740,2961.998563033927
TE-005741,1413.362819672398
TE-005742,3797.252407721033
TE-005743,2993.8625632191934
TE-005744,3085.311272672171
TE-005745,3599.523720659795
TE-005746,1674.295129126243
TE-005747,1055.7825724027728
TE-005748,4089.639690963415
TE-005749,1514.8671882837689
TE-005750,2596.2015009368256
TE-005751,1924.1819744929621
TE-005752,1598.1318896726402
TE-005753,4732.987088422371
TE-005754,3297.300812660249
TE-005755,2671.8677093541014
TE-005756,3777.9021849574956
TE-005757,1269.1099316130462
TE-005758,4472.005729338358
TE-005759,5363.166786840429
TE-005760,999.102927457531
TE-005761,3270.194725798121
TE-005762,1987.3369595047623
TE-005763,3363.595437884642
TE-005764,2736.885971460034
TE-005765,4207.02161649417
TE-005766,443.19324655376545
TE-005767,1350.5035702861223
TE-005768,1410.8546708656306
TE-005769,3934.9098290127536
TE-005770,2631.445727161123
TE-005771,2264.244601849318
TE-005772,2951.2546686671376
TE-005773,3930.0357076450214
TE-005774,1722.581221533551
TE-005775,4180.420848385876
TE-005776,1577.1817780411825
TE-005777,777.5918570682434
TE-005778,3656.281818952855
TE-005779,4071.288252650854
TE-005780,3205.4985595000126
TE-005781,764.2298308080913
TE-005782,1148.9655886731998
TE-005783,1160.063004214955
TE-005784,218.1494371950805
TE-005785,1683.5167123541703
TE-005786,808.7191222209117
TE-005787,2824.267352199923
TE-005788,2415.0189644519082
TE-005789,1201.4018409592022
TE-005790,1793.2954894367858
TE-005791,1028.670868116007
TE-005792,2850.789412905533
TE-005793,5511.27140254519
TE-005794,1506.4196110559833
TE-005795,983.8402536811934
TE-005796,1293.8478186245811
TE-005797,787.455611873394
TE-005798,850.8242876438317
TE-005799,4816.321202831779
TE-005800,1789.5951962759402
TE-005801,4690.469246419349
TE-005802,3834.11887031907
TE-005803,2710.1300821076725
TE-005804,3834.594579233568
TE-005805,1511.7682600383048
TE-005806,1202.8436356457169
TE-005807,652.7683802556649
TE-005808,218.43932783961145
TE-005809,3339.7942642558505
TE-005810,1537.2377264154031
TE-005811,4185.98114781997
TE-005812,4381.216368142441
TE-005813,1208.5152789395088
TE-005814,3954.195436920173
TE-005815,4794.700074682751
TE-005816,1525.1329984507313
TE-005817,846.4731753636017
TE-005818,1425.9414712732917
TE-005819,870.3030251217833
TE-005820,1189.2927504594923
TE-005821,1457.2554619026805
TE-005822,1090.0470717567262
TE-005823,4592.5276024793475
TE-005824,2228.175053275135
TE-005825,3128.723834069181
TE-005826,4559.249211122474
TE-005827,905.4924978796828
TE-005828,1256.1380688297183
TE-005829,669.0948582801323
TE-005830,5911.480799054263
TE-005831,1221.223975175265
TE-005832,2577.697026496645
TE-005833,2330.791698828808
TE-005834,1963.9022083024788
TE-005835,1379.3860151108395
TE-005836,858.2638080047234
TE-005837,3903.4621599376105
TE-005838,2020.6561633869887
TE-005839,1791.8267227525414
TE-005840,5387.262709951444
TE-005841,3992.7908843769756
TE-005842,1954.3618749899001
TE-005843,964.7488149684771
TE-005844,1008.5425746022655
TE-005845,1189.9187655943854
TE-005846,3382.0848104082615
TE-005847,4273.532136995648
TE-005848,4820.502195054544
TE-005849,637.8032483581844
TE-005850,3204.3398618727138
TE-005851,1094.2662963630846
TE-005852,861.3935765567944
TE-005853,3136.684154358697
TE-005854,1901.3377612506506
TE-005855,1466.4585945588947
TE-005856,2034.5317619937312
TE-005857,1576.5011502530465
TE-005858,1116.6814506410565
TE-005859,4576.754924611327
TE-005860,3380.949764272209
TE-005861,586.1992001867206
TE-005862,2121.3038094387143
TE-005863,550.4351106886556
TE-005864,2282.544243407662
TE-005865,994.7631870362045
TE-005866,1907.944791684292
TE-005867,1802.9393880819887
TE-005868,3610.8861384022684
TE-005869,3547.630020982915
TE-005870,1476.4054365121451
TE-005871,1304.1586050165736
TE-005872,3715.244824104272
TE-005873,1639.7879309026698
TE-005874,1016.9929425314668
TE-005875,3699.920463037606
TE-005876,1793.2288858715126
TE-005877,2263.804926549767
TE-005878,2050.1648231184354
TE-005879,563.5631601083178
TE-005880,4340.414385584081
TE-005881,4328.15109622019
TE-005882,3684.218283247267
TE-005883,1796.223120081327
TE-005884,1142.1595374047106
TE-005885,493.14447400490485
TE-005886,2081.848052546148
TE-005887,2483.157884489632
TE-005888,2247.8246106103034
TE-005889,2460.0723396749054
TE-005890,867.2386985972144
TE-005891,1831.0992179286072
TE-005892,1502.9431799786462
TE-005893,1941.4478492192943
TE-005894,3287.5498958409253
TE-005895,4496.064913295753
TE-005896,2101.3231247781196
TE-005897,806.6928192422815
TE-005898,651.9531559213478
TE-005899,2653.4594197235683
TE-005900,2618.340208060887
TE-005901,1509.1082577280113
TE-005902,857.9830975995756
TE-005903,3279.619569832391
TE-005904,1093.3420735222273
TE-005905,2780.3653247557404
TE-005906,939.2215650283542
TE-005907,898.9475903016523
TE-005908,2005.4281599502253
TE-005909,4236.251930689248
TE-005910,2036.8813535762115
TE-005911,234.58341476891746
TE-005912,2858.699768468176
TE-005913,3407.8473944233865
TE-005914,2751.04183265319
TE-005915,1884.6014090081717
TE-005916,1943.0014377895113
TE-005917,3066.5341525551894
TE-005918,6039.418655097792
TE-005919,1509.6564114546288
TE-005920,2781.8887687003244
TE-005921,1536.158800560181
TE-005922,4158.973249663427
TE-005923,3353.530006610129
TE-005924,3260.6499289822086
TE-005925,1555.6720162504162
TE-005926,3452.534847615151
TE-005927,3740.5865039195255
TE-005928,3580.873787922382
TE-005929,1255.8660384513632
TE-005930,3041.420473160118
TE-005931,316.86757130407614
TE-005932,5118.069230359235
TE-005933,548.0856809076124
TE-005934,2621.6666892768435
TE-005935,1410.3488657923067
TE-005936,1376.0909789828756
TE-005937,1255.5472155953626
TE-005938,5537.566442982421
TE-005939,1073.4476866195553
TE-005940,2509.052822478607
TE-005941,1890.5753071314075
TE-005942,1088.8008653037011
TE-005943,503.8627290646873
TE-005944,2647.1949051399165
TE-005945,5470.836396044549
TE-005946,3733.3278170665526
TE-005947,3085.312363119806
TE-005948,4101.98934897781
TE-005949,2380.837248294847
TE-005950,3129.926530151688
TE-005951,2634.6081188014814
TE-005952,1017.3117318596826
TE-005953,868.5407402511266
TE-005954,1692.691132274515
TE-005955,1433.0828812028499
TE-005956,1324.9302825754194
TE-005957,3530.056912566157
TE-005958,4115.45144781021
TE-005959,807.08203749884
TE-005960,3094.7378858186744
TE-005961,1566.4676685015697
TE-005962,1488.1001734956603
TE-005963,2748.085776499053
TE-005964,1880.6417603113614
TE-005965,768.6548591616433
TE-005966,4105.901076673099
TE-005967,3098.259713846285
TE-005968,2124.245366190589
TE-005969,2455.9147253766023
TE-005970,1975.4543953318584
TE-005971,3088.072141806558
TE-005972,3349.99709561946
TE-005973,3786.5016941084377
TE-005974,859.0937959914957
TE-005975,257.7101540109784
TE-005976,1874.1768202470223
TE-005977,1945.796928726845
TE-005978,4179.799668578859
TE-005979,1008.5494602381381
TE-005980,1187.1385133615568
TE-005981,3667.9559107110335
TE-005982,2849.2285398734016
TE-005983,1953.1617652414457
TE-005984,3950.684291192453
TE-005985,2263.263319123906
TE-005986,2040.6834902431779
TE-005987,2408.7907777919345
TE-005988,3872.6157322232298
TE-005989,2397.0572196268104
TE-005990,704.4955424170078
TE-005991,3773.137150765203
TE-005992,1494.7480748524492
TE-005993,4872.522393091475
TE-005994,1722.2472280976008
TE-005995,2288.3967082618897
TE-005996,1906.331963375816
TE-005997,3816.360002157912
TE-005998,1022.9900087605455
TE-005999,1613.612027242396
TE-006000,1342.3018716154627
TE-006001,2679.0787961283368
TE-006002,4519.133298471095
TE-006003,789.7659591068059
TE-006004,889.196726788985
TE-006005,1104.9072289312408
TE-006006,3114.7250681469627
TE-006007,2667.595272115904
TE-006008,3299.298635113947
TE-006009,1644.0094846821353
TE-006010,850.5479467864225
TE-006011,2566.2325328762554
TE-006012,3544.348711151186
TE-006013,1516.5043438787795
TE-006014,5836.454439223286
TE-006015,3369.8966825606076
TE-006016,1196.752145720785
TE-006017,897.0809353359978
TE-006018,3010.099927339559
TE-006019,1048.8733068497413
TE-006020,2191.6562624297076
TE-006021,2717.118349863075
TE-006022,5036.394382165507
TE-006023,2399.0100250915175
TE-006024,1603.3003926566807
TE-006025,3430.1511734390615
TE-006026,658.5895095199382
TE-006027,2962.9923077648587
TE-006028,2225.446783244264
TE-006029,3285.825275010542
TE-006030,963.432476992552
TE-006031,5172.311916511561
TE-006032,4600.011161354897
TE-006033,649.3049779323535
TE-006034,4217.018801485852
TE-006035,663.9940177437825
TE-006036,1882.4358359925313
TE-006037,2842.826380641378
TE-006038,1520.3496634151695
TE-006039,1032.1780927795949
TE-006040,1870.0544769458256
TE-006041,3819.987293627843
TE-006042,1005.6780074308831
TE-006043,526.1954312820278
TE-006044,954.8995806076214
TE-006045,964.5263190104054
TE-006046,1914.5332823170666
TE-006047,4759.423262494718
TE-006048,2015.1748927616936
TE-006049,1979.493228616831
TE-006050,4130.547531916056
TE-006051,465.02200332634357
TE-006052,2074.6116740264924
TE-006053,1476.4550572251326
TE-006054,2505.115393085422
TE-006055,1116.6833422220557
TE-006056,2196.602161272262
TE-006057,3904.2873381715017
TE-006058,1655.4085292034883
TE-006059,225.9726967206193
TE-006060,1884.1655872446738
TE-006061,444.10331841210086
TE-006062,3906.176253815659
TE-006063,1369.379695397813
TE-006064,3935.4770856950317
TE-006065,1388.6381948683356
TE-006066,3576.9385531916632
TE-006067,2037.18821674795
TE-006068,3404.8370733181464
TE-006069,3570.043023805954
TE-006070,2874.6152968041174
TE-006071,3727.3286229722007
TE-006072,1626.507296299565
TE-006073,3706.436459335556
TE-006074,2933.0231760633424
TE-006075,2930.5038658416115
TE-006076,2313.9402216146973
TE-006077,2347.8605546109243
TE-006078,1519.3610341944914
TE-006079,678.9708493588851
TE-006080,2455.569064921606
TE-006081,883.9159712464188
TE-006082,3287.8263179084006
TE-006083,1361.8955176036575
TE-006084,1630.321710212365
TE-006085,1578.7317823493845
TE-006086,3114.8060751188045
TE-006087,1992.2411712201401
TE-006088,3702.475326382475
TE-006089,2265.3213220670164
TE-006090,3881.38521229702
TE-006091,2360.7723956156847
TE-006092,3121.9811462150556
TE-006093,5558.787408862641
TE-006094,1145.861606428472
TE-006095,444.977750595599
TE-006096,4107.91402649575
TE-006097,1490.7923072989133
TE-006098,1581.825822893186
TE-006099,2095.183008682277
TE-006100,764.7843774464604
TE-006101,1491.2893715334912
TE-006102,4061.5450868664084
TE-006103,921.4537849670335
TE-006104,2733.1195147763287
TE-006105,2075.719839707644
TE-006106,2512.0377023563533
TE-006107,815.985417396043
TE-006108,1174.4764366019413
TE-006109,3838.2917426341046
TE-006110,962.3685413618289
TE-006111,3923.5226600399774
TE-006112,1189.6453519061843
TE-006113,2567.534554035522
TE-006114,4493.5391001607895
TE-006115,3698.716118736338
TE-006116,1220.6992768022562
TE-006117,419.8914835281573
TE-006118,775.0615654120122
TE-006119,3265.970732348691
TE-006120,3735.9929647151084
TE-006121,1806.3499210973557
TE-006122,3055.9793570491984
TE-006123,1587.470939706365
TE-006124,4573.647774429586
TE-006125,4656.75408130087
TE-006126,5947.283909373264
TE-006127,1657.8492221281804
TE-006128,3961.1577333829873
TE-006129,1695.9029871980028
TE-006130,1187.4445954106152
TE-006131,1821.6524026277023
TE-006132,1022.6777618129768
TE-006133,1229.23628819979
TE-006134,2540.711760964142
TE-006135,961.2511384292322
TE-006136,1873.7568094472374
TE-006137,2073.336414041714
TE-006138,1118.0874473734657
TE-006139,1550.1513626079463
TE-006140,1671.6161727658518
TE-006141,2113.608413729338
TE-006142,2045.9707234609414
TE-006143,5306.27217672945
TE-006144,2108.1535260165533
TE-006145,4124.150797882698
TE-006146,3989.427822314372
TE-006147,5350.0588164915225
TE-006148,2344.9233593163644
TE-006149,3752.036615904208
TE-006150,3355.1579766378222
TE-006151,4951.6853607854355
TE-006152,1898.3558359619872
TE-006153,1508.33113949858
TE-006154,2604.306155801473
TE-006155,1685.4046454354552
TE-006156,2622.8964985704106
TE-006157,1215.4117235289823
TE-006158,354.6572404994495
TE-006159,1365.9702890139497
TE-006160,1875.7778947517522
TE-006161,1366.2506004517522
TE-006162,2824.3604909535625
TE-006163,2625.0853504224506
TE-006164,2761.3563891325075
TE-006165,3125.982410730153
TE-006166,2136.5838962003368
TE-006167,1647.4307461321084
TE-006168,1768.4101063263997
TE-006169,1611.6492173008426
TE-006170,1174.8610153144477
TE-006171,400.13126006764696
TE-006172,745.76441863031
TE-006173,1335.5104447115075
TE-006174,4392.346795301409
TE-006175,2493.3189506684816
TE-006176,1989.3398970312003
TE-006177,800.4703383316792
TE-006178,734.8919695929385
TE-006179,1795.2352797440815
TE-006180,2891.8002754970184
TE-006181,3719.223661594362
TE-006182,2995.491709143224
TE-006183,3303.301983961547
TE-006184,2561.7028255598057
TE-006185,5129.755788855169
TE-006186,3120.1236836154744
TE-006187,990.0037463910005
TE-006188,5831.5600626356
TE-006189,2215.4254966788235
TE-006190,4197.6078274150705
TE-006191,1149.1415058746484
TE-006192,699.5295373486999
TE-006193,1969.2941526683335
TE-006194,3168.1119173423817
TE-006195,767.3396435549298
TE-006196,2042.9237446570644
TE-006197,4058.948229105015
TE-006198,1178.0196954315309
TE-006199,1215.981972925834
TE-006200,633.9459517491316
TE-006201,1826.8968034178743
TE-006202,817.3418076185396
TE-006203,1129.9039969841065
TE-006204,4045.3385987674724
TE-006205,1135.6554209932854
TE-006206,1611.8887782785143
TE-006207,3938.9959367697516
TE-006208,721.2658215084591
TE-006209,854.7155826348358
TE-006210,2346.9093818253705
TE-006211,3949.8866601944655
TE-006212,1443.2615301879991
TE-006213,3859.7501629529934
TE-006214,991.9070608391135
TE-006215,1812.0103253318737
TE-006216,1708.1956958887872
TE-006217,2624.9325800128336
TE-006218,781.1030767591001
TE-006219,984.9267983265706
TE-006220,1049.4041955276214
TE-006221,1599.0660821132053
TE-006222,955.4822190498396
TE-006223,863.8369700151482
TE-006224,3907.203676127037
TE-006225,1193.454835930688
TE-006226,2273.6955206574503
TE-006227,1655.1598318442607
TE-006228,2258.2413789177785
TE-006229,740.9265576411669
TE-006230,935.6127485706081
TE-006231,4056.51753745334
TE-006232,3794.274877184871
TE-006233,3937.551580505664
TE-006234,5025.666758350653
TE-006235,5295.387145034027
TE-006236,1722.1165382825222
TE-006237,1686.3478135986375
TE-006238,5013.236954688764
TE-006239,4213.815316691169
TE-006240,390.03083059186133
TE-006241,1731.0033540664663
TE-006242,2402.4060978008665
TE-006243,3045.5971163848876
TE-006244,296.6141627419356
TE-006245,2542.442577752179
TE-006246,3641.628381304894
TE-006247,2442.8483032375757
TE-006248,962.5913281586024
TE-006249,914.1004511988288
TE-006250,318.01239506438196
TE-006251,2105.852652961908
TE-006252,3362.7314037523597
TE-006253,880.0746996778007
TE-006254,1328.0279281401836
TE-006255,2166.715170318309
TE-006256,1525.4499000443789
TE-006257,1183.9203980094267
TE-006258,3125.4010971136786
TE-006259,3003.769279512777
TE-006260,5176.65243307468
TE-006261,3832.4088701860173
TE-006262,3321.921964616183
TE-006263,3326.797594062874
TE-006264,1387.059319503088
TE-006265,2616.47077032127
TE-006266,3093.928298341069
TE-006267,3461.550856343706
TE-006268,3919.0830168767216
TE-006269,677.3864856455345
TE-006270,406.1651320255935
TE-006271,5650.541442724591
TE-006272,2477.596456610312
TE-006273,4090.3062259354733
TE-006274,2104.8627568210372
TE-006275,4949.512727709838
TE-006276,1853.0848412205453
TE-006277,1176.8045321072123
TE-006278,2651.2623440655916
TE-006279,2191.4331108616047
TE-006280,3806.9918019734237
TE-006281,1510.968895531746
TE-006282,2188.3989950873433
TE-006283,2255.437179348944
TE-006284,1636.9219479983035
TE-006285,3173.1651566745063
TE-006286,3923.977632210803
TE-006287,1299.7359945239782
TE-006288,5636.376742546212
TE-006289,5880.36247353851
TE-006290,2756.735500303984
TE-006291,2002.5355062756762
TE-006292,2112.2843296247183
TE-006293,3475.7386958660622
TE-006294,887.5525347908283
TE-006295,576.4217922655921
TE-006296,1216.4191793394266
TE-006297,4203.317486410772
TE-006298,1715.8593846957642
TE-006299,1681.6404888275715
TE-006300,1964.1619707084233
TE-006301,3299.1999835891456
TE-006302,2543.247511879341
TE-006303,3092.008933561437
TE-006304,5501.191670719001
TE-006305,1183.4521325928813
TE-006306,4153.707427484243
TE-006307,3949.3651822286292
TE-006308,2356.9820762066524
TE-006309,1195.5601781562452
TE-006310,2688.154248791355
TE-006311,3238.6609989616773
TE-006312,1653.5456962416797
TE-006313,3437.8363276268738
TE-006314,695.5769836725722
TE-006315,576.8765340161403
TE-006316,2589.6983224420705
TE-006317,3826.4323443290505
TE-006318,1492.3152084377189
TE-006319,3294.1780270272184
TE-006320,4961.570881913822
TE-006321,4213.22744763387
TE-006322,3009.824767819892
TE-006323,2947.5256532031217
TE-006324,1475.5487136658098
TE-006325,3002.8188079854945
TE-006326,4341.388923681949
TE-006327,1834.871628659994
TE-006328,6504.798798479343
TE-006329,2181.840968616778
TE-006330,3054.2636825576883
TE-006331,3970.8434481034055
TE-006332,620.343872880326
TE-006333,3451.1574222613153
TE-006334,3043.060630008324
TE-006335,851.2551591970507
TE-006336,740.5779934266475
TE-006337,1083.3934236667837
TE-006338,2635.567504375209
TE-006339,3717.4758671710642
TE-006340,1535.923448226464
TE-006341,728.0441732870036
TE-006342,1748.9263853887633
TE-006343,1254.2818471481435
TE-006344,2199.4118988538976
TE-006345,6036.083840251586
TE-006346,1152.5750365360686
TE-006347,1534.6813351223634
TE-006348,1749.7842106281496
TE-006349,2828.8982554160343
TE-006350,1701.4247900368234
TE-006351,2677.198027300297
TE-006352,770.9848431690859
TE-006353,3514.3992744728084
TE-006354,1423.3116703428118
TE-006355,2290.7168097810554
TE-006356,1428.3736754599672
TE-006357,2215.760923904556
TE-006358,1865.257751563956
TE-006359,798.4443852988829
TE-006360,2358.5081341047417
TE-006361,2812.5229520464422
TE-006362,1635.0938962109822
TE-006363,827.1413562946361
TE-006364,1375.7688584009238
TE-006365,743.1438554232948
TE-006366,831.4380068376158
TE-006367,2947.331941316655
TE-006368,1703.8409637312054
TE-006369,1163.5815812264718
TE-006370,5231.430566777732
TE-006371,1223.9429279720443
TE-006372,1952.9145530195215
TE-006373,2888.957253910981
TE-006374,2580.148519897714
TE-006375,4160.245600385619
TE-006376,1168.8498027126325
TE-006377,2653.8960441941313
TE-006378,1306.555510387464
TE-006379,1603.9134469860192
TE-006380,893.7907543460467
TE-006381,2123.804853881482
TE-006382,4053.2722401459664
TE-006383,4174.651933083883
TE-006384,1244.8570881102744
TE-006385,4686.507219556448
TE-006386,4129.5098516639755
TE-006387,1342.4107069979364
TE-006388,849.3598148834894
TE-006389,884.796468708046
TE-006390,1499.5756790715793
TE-006391,2215.1365583857914
TE-006392,2138.909109783994
TE-006393,3467.24858672459
TE-006394,2481.730924091455
TE-006395,2390.6496879614497
TE-006396,665.8279882397217
TE-006397,1740.7919037002148
TE-006398,1040.4109123335252
TE-006399,2479.527173838811
TE-006400,4557.807646949935
TE-006401,1068.1602188496909
TE-006402,1782.9630071670947
TE-006403,1169.4956922136307
TE-006404,4950.963025666616
TE-006405,5859.7287833301525
TE-006406,2178.9643812230975
TE-006407,1113.2391578986094
TE-006408,850.6365286831547
TE-006409,1044.403370576982
TE-006410,1957.3880186614326
TE-006411,684.9055598938273
TE-006412,1430.3364376840539
TE-006413,2940.8827533422045
TE-006414,4619.933898125333
TE-006415,1407.8135805773284
TE-006416,1798.9659379384552
TE-006417,1592.6367216757615
TE-006418,3836.2140058636196
TE-006419,4421.82182581939
TE-006420,1950.5583818993728
TE-006421,3388.437796710754
TE-006422,5565.363643776182
TE-006423,4966.0449701672715
TE-006424,1603.7979907242034
TE-006425,4849.791299800595
TE-006426,1713.614963633322
TE-006427,2765.8091035188404
TE-006428,1733.0697083988912
TE-006429,2280.888424567957
TE-006430,3457.0903111707166
TE-006431,2752.9880405595522
TE-006432,749.5171355095347
TE-006433,1441.3795586630547
TE-006434,3608.171888583109
TE-006435,931.5239594145178
TE-006436,4118.662332963497
TE-006437,2742.1135247117154
TE-006438,4006.662681631385
TE-006439,650.8939128219906
TE-006440,2203.4148683453527
TE-006441,4120.5949074138425
TE-006442,2246.9909767755344
TE-006443,3454.7404721005964
TE-006444,1314.14361761455
TE-006445,2358.9230843867035
TE-006446,1915.7695201583506
TE-006447,2849.203505530488
TE-006448,3604.952790852321
TE-006449,4717.448699561883
TE-006450,650.1515588849561
TE-006451,2582.1466696750394
TE-006452,2149.825237312499
TE-006453,2166.3623044257165
TE-006454,2851.3245241152013
TE-006455,636.1065159326433
TE-006456,3706.9243201018726
TE-006457,4525.340913914843
TE-006458,703.6502713234506
TE-006459,1521.3407466652045
TE-006460,1738.8217753106633
TE-006461,4147.236570719548
TE-006462,551.3390517774205
TE-006463,3939.424895880462
TE-006464,1169.56494175826
TE-006465,1852.8893232981936
TE-006466,791.566115166662
TE-006467,1707.8304281584674
TE-006468,3457.9276596612303
TE-006469,1522.7700447188863
TE-006470,2849.983445584506
TE-006471,1286.695265240268
TE-006472,1962.2929335391696
TE-006473,1186.671370147672
TE-006474,4078.409944172561
TE-006475,904.1661966575796
TE-006476,2593.4224046906384
TE-006477,1382.8195023656363
TE-006478,4982.794627637437
TE-006479,3199.470108943794
TE-006480,801.1465651144686
TE-006481,4638.373055652382
TE-006482,3131.7666540064392
TE-006483,4975.556443176058
TE-006484,661.9762963349729
TE-006485,2957.0483607694678
TE-006486,3960.44788110472
TE-006487,3905.577514039496
TE-006488,3703.7003811044324
TE-006489,2291.2063749415656
TE-006490,2262.144956303957
TE-006491,1936.740612025314
TE-006492,2728.51862658793
TE-006493,586.3722308984002
TE-006494,3716.8889783963473
TE-006495,2639.5535792043042
TE-006496,1123.315101605713
TE-006497,1550.079635311576
TE-006498,1013.1569670541321
TE-006499,1855.6626968503417
TE-006500,1312.2000229098492
TE-006501,3885.4614786863185
TE-006502,4091.804426908009
TE-006503,2385.734729635172
TE-006504,2845.291414252458
TE-006505,2817.807102613079
TE-006506,216.37470616602945
TE-006507,466.9931200368112
TE-006508,543.006394388646
TE-006509,1343.534881351582
TE-006510,2170.459465513723
TE-006511,4055.3815115444304
TE-006512,3882.408282457138
TE-006513,2094.4224311652797
TE-006514,2714.546837198691
TE-006515,5644.757665139519
TE-006516,1082.2356371647143
TE-006517,2832.4624605846734
TE-006518,4374.889544797214
TE-006519,1299.5605689146207
TE-006520,1111.3320502280303
TE-006521,1583.2561172017458
TE-006522,3113.259781430138
TE-006523,4833.9775356682785
TE-006524,1025.267893928429
TE-006525,427.3784370286862
TE-006526,2238.8665582567273
TE-006527,3558.877882555531
TE-006528,1121.9371262345826
TE-006529,1527.2503141975762
TE-006530,4240.588986788989
TE-006531,1553.8581171819899
TE-006532,3193.9140693618738
TE-006533,3864.1439174596867
TE-006534,1951.2133655109121
TE-006535,1136.1095809618162
TE-006536,1589.3744250120867
TE-006537,4058.955664256418
TE-006538,807.0273831688528
TE-006539,2839.9654518537036
TE-006540,2038.0196522523227
TE-006541,500.85891136432065
TE-006542,832.6517469893272
TE-006543,1846.9597225417667
TE-006544,1469.5885005405457
TE-006545,3971.0052231513228
TE-006546,408.1700320640898
TE-006547,459.9943799404716
TE-006548,4286.251773661406
TE-006549,3832.2250560434613
TE-006550,2454.813475216096
TE-006551,793.4040332002194
TE-006552,622.2030362458654
TE-006553,956.265901284364
TE-006554,1530.2059160895737
TE-006555,773.8821931771101
TE-006556,3787.123801103156
TE-006557,761.3331502748777
TE-006558,3209.917850486281
TE-006559,1132.841007571951
TE-006560,4302.127947525667
TE-006561,634.7903216311222
TE-006562,972.5342183180894
TE-006563,1685.4371551814238
TE-006564,3845.6780093910106
TE-006565,748.60452844972
TE-006566,1670.3654020600547
TE-006567,4327.7919545418545
TE-006568,1786.3578244109735
TE-006569,2140.770246723046
TE-006570,2020.9062086603328
TE-006571,1936.660343515801
TE-006572,3530.8519024297507
TE-006573,2229.1211352791015
TE-006574,780.3535607701292
TE-006575,2277.146081686705
TE-006576,1384.5559282210802
TE-006577,2152.4212204323976
TE-006578,3944.1255361162816
TE-006579,819.868269017371
TE-006580,4522.516185446086
TE-006581,1343.9104278630525
TE-006582,1722.1019434310867
TE-006583,1819.904994328699
TE-006584,4961.093835715813
TE-006585,4061.415130986025
TE-006586,1272.282461489065
TE-006587,2366.2259129306235
TE-006588,5575.120638449982
TE-006589,1529.9596068918781
TE-006590,2163.7605413185247
TE-006591,2963.651513020906
TE-006592,1667.443902216828
TE-006593,2343.224506576967
TE-006594,955.1497538155502
TE-006595,2413.47636069295
TE-006596,1350.5225568589117
TE-006597,3307.1742392066244
TE-006598,5644.256211118211
TE-006599,1380.4837532267873
TE-006600,3778.013430182125
TE-006601,2849.5095577295283
TE-006602,2587.331226469401
TE-006603,3429.615317311216
TE-006604,772.8509810885009
TE-006605,649.3607676824315
TE-006606,3012.130814808256
TE-006607,1330.9998295913197
TE-006608,2186.1055768455053
TE-006609,1233.2426348019744
TE-006610,1218.542886585174
TE-006611,4732.582188926346
TE-006612,2320.0823249665464
TE-006613,1646.6754451640581
TE-006614,1169.3652162991734
TE-006615,5882.672642075438
TE-006616,1882.228801868815
TE-006617,879.8513336301394
TE-006618,2525.681160691426
TE-006619,1359.501869275355
TE-006620,1454.8979781416765
TE-006621,3626.590171424985
TE-006622,1674.762368400693
TE-006623,1777.922463167486
TE-006624,3840.6166366359143
TE-006625,952.8112641330497
TE-006626,3807.7103842222737
TE-006627,3043.8334754592915
TE-006628,1107.9212255558114
TE-006629,2100.099330643242
TE-006630,1415.9776057987633
TE-006631,3818.4110097260955
TE-006632,1899.6239414069496
TE-006633,3227.5943232945074
TE-006634,1758.0806284969028
TE-006635,4317.551454804607
TE-006636,4761.639287203922
TE-006637,4953.51956795742
TE-006638,1687.0056438032502
TE-006639,3217.265300691982
TE-006640,1729.8852717940504
TE-006641,1863.5258297063524
TE-006642,735.0581016431424
TE-006643,1072.0119721470187
TE-006644,1812.9309744067766
TE-006645,1363.6229200078142
TE-006646,2355.3257499725273
TE-006647,4581.356800377283
TE-006648,1439.3230483883258
TE-006649,2362.2054299125393
TE-006650,954.2057752941478
TE-006651,1550.1766969928683
TE-006652,3987.912370534039
TE-006653,3871.5289419413484
TE-006654,1709.885061137489
TE-006655,1386.6499525342429
TE-006656,3230.087676097449
TE-006657,1765.3510059082519
TE-006658,2900.5548914828064
TE-006659,3343.681714207957
TE-006660,1391.183930785674
TE-006661,3993.9826110010636
TE-006662,5323.111378982528
TE-006663,3694.2045197477355
TE-006664,2518.151445976986
TE-006665,679.9904465937288
TE-006666,1423.0717017434747
TE-006667,996.4493792520514
TE-006668,2733.8724822666145
TE-006669,629.5743797540529
TE-006670,873.8302304798065
TE-006671,4081.825141375844
TE-006672,578.9734482511935
TE-006673,914.4680226336525
TE-006674,936.9146791216738
TE-006675,1702.6259957665077
TE-006676,2525.770855915236
TE-006677,4640.675686546186
TE-006678,1244.4347649399042
TE-006679,707.5007384318478
TE-006680,1126.2659785707624
TE-006681,2297.0071847369327
TE-006682,1543.8419830084142
TE-006683,3632.8446107375853
TE-006684,1528.885020561501
TE-006685,5648.821361744998
TE-006686,4605.429622694452
TE-006687,2284.424151774945
TE-006688,1365.2247559236685
TE-006689,808.2983840505085
TE-006690,4266.438877021938
TE-006691,2290.301658791467
TE-006692,2595.4362087845184
TE-006693,4178.813894875636
TE-006694,2168.3989665713825
TE-006695,2770.56826796215
TE-006696,468.23456929072086
TE-006697,1756.090594022642
TE-006698,2366.875146808673
TE-006699,3211.1529637796593
TE-006700,1587.2199540542406
TE-006701,1447.1919478242062
TE-006702,1466.6730713628026
TE-006703,3403.0448183403987
TE-006704,2565.0270105681093
TE-006705,842.7898416495336
TE-006706,4391.693350846268
TE-006707,950.2941777622179
TE-006708,2914.3664866569543
TE-006709,941.1688763353056
TE-006710,913.5094098884313
TE-006711,479.6424621141459
TE-006712,1531.4844169404478
TE-006713,1593.9735830303364
TE-006714,213.46804772718997
TE-006715,3716.3413469706516
TE-006716,3943.3074643139125
TE-006717,2375.447397632998
TE-006718,1704.7983652916068
TE-006719,1581.8154884473938
TE-006720,4732.667696309774
TE-006721,3776.5889732873047
TE-006722,2865.4318368136837
TE-006723,2588.1106756193944
TE-006724,1891.485527897919
TE-006725,2032.7299145908098
TE-006726,2931.505338507395
TE-006727,4779.205567358115
TE-006728,1931.7964668737814
TE-006729,2191.421873771995
TE-006730,1767.7046556825817
TE-006731,337.0666035392503
TE-006732,794.0791341835243
TE-006733,2645.7678810074744
TE-006734,2197.579474449201
TE-006735,1980.674498880454
TE-006736,3421.240192790096
TE-006737,1188.2050277317048
TE-006738,1945.9178247896848
TE-006739,1439.503329065153
TE-006740,652.3853930924963
TE-006741,879.125391081612
TE-006742,2561.4425979459793
TE-006743,748.7620441368633
TE-006744,935.3651953574433
TE-006745,1477.3060775570193
TE-006746,678.8483523454402
TE-006747,3027.081118248716
TE-006748,2944.508209425715
TE-006749,3904.5486383470593
TE-006750,404.564061290017
TE-006751,769.856080168689
TE-006752,2400.5815099894885
TE-006753,3768.5163702952023
TE-006754,4360.487452249494
TE-006755,2321.6033453753244
TE-006756,1526.1505905253675
TE-006757,1404.911709042794
TE-006758,3939.2137232827154
TE-006759,864.5136224583187
TE-006760,4603.442752234256
TE-006761,1798.8080057255409
TE-006762,891.642802768474
TE-006763,4497.967443615216
TE-006764,1713.5675676055557
TE-006765,4175.536297831862
TE-006766,4726.86948323598
TE-006767,2843.0449988364626
TE-006768,3291.155248905675
TE-006769,1388.0400151315418
TE-006770,4278.655048213446
TE-006771,1672.8422594401281
TE-006772,4663.3201241432635
TE-006773,4097.512675447682
TE-006774,673.6445735219866
TE-006775,4149.9184230889605
TE-006776,1681.6749591374037
TE-006777,882.0157836532908
TE-006778,2601.5747786966535
TE-006779,1773.367386399556
TE-006780,2313.7648817088093
TE-006781,2944.919645466906
TE-006782,1744.026264050072
TE-006783,4728.463263833082
TE-006784,2236.530364737153
TE-006785,1999.77795956774
TE-006786,1198.801227560993
TE-006787,4031.5769657828123
TE-006788,3316.770877799573
TE-006789,2705.372993208563
TE-006790,2418.7845757916116
TE-006791,3375.6633710327515
TE-006792,1554.804602825447
TE-006793,2431.0639471216446
TE-006794,2242.5184144119544
TE-006795,734.6557378582218
TE-006796,2453.57089157998
TE-006797,1810.860411619353
TE-006798,3781.19518681943
TE-006799,1488.8039239957343
TE-006800,1096.9170362141704
TE-006801,1666.4977955207833
TE-006802,2083.8533364803334
TE-006803,4737.297394049518
TE-006804,1841.675879178707
TE-006805,1426.7968479201277
TE-006806,5784.318649706998
TE-006807,2309.5748787927773
TE-006808,1363.7812585254005
TE-006809,2250.093626102836
TE-006810,567.7539832949917
TE-006811,2400.981212633903
TE-006812,1177.5520931913366
TE-006813,4739.099689997674
TE-006814,1951.4512327078198
TE-006815,2091.681754815581
TE-006816,875.0249434769703
TE-006817,1856.1974975678902
TE-006818,1976.7631475986586
TE-006819,4687.276476829327
TE-006820,1810.1770296047923
TE-006821,1989.1697748802171
TE-006822,2157.5902203091623
TE-006823,1996.7577520631821
TE-006824,2684.6956425135418
TE-006825,3495.682274976348
TE-006826,435.2515233113986
TE-006827,4055.682275000905
TE-006828,3769.988231808209
TE-006829,907.8249807590025
TE-006830,5479.285789376464
TE-006831,1789.6403505365984
TE-006832,5249.603023165293
TE-006833,2046.8434072050566
TE-006834,1568.3244074418803
TE-006835,1769.39087985396
TE-006836,2328.606019936858
TE-006837,2059.4380412208075
TE-006838,2252.07029241346
TE-006839,424.8769024194287
TE-006840,2003.374967431019
TE-006841,2274.1982421128087
TE-006842,2921.6052461374084
TE-006843,1962.6530956805386
TE-006844,943.9861912092508
TE-006845,1620.1384544418706
TE-006846,3351.848512896424
TE-006847,2616.969210144288
TE-006848,2346.248570588334
TE-006849,739.0154379669789
TE-006850,2116.365324377362
TE-006851,2085.263421491469
TE-006852,1080.7830467363467
TE-006853,1452.1773047232239
TE-006854,798.6262445358441
TE-006855,2610.8991241689746
TE-006856,3800.0463141413757
TE-006857,909.1764508140334
TE-006858,311.7791496396353
TE-006859,5823.834263137127
TE-006860,2459.3001597345847
TE-006861,5555.38631872435
TE-006862,723.306419343181
TE-006863,888.7908212732507
TE-006864,1295.6905780791117
TE-006865,2123.857859914232
TE-006866,4411.803282133296
TE-006867,2048.0153641196475
TE-006868,2677.189384179351
TE-006869,454.21233509684
TE-006870,780.6929728208904
TE-006871,2567.1044546358653
TE-006872,551.1717190594727
TE-006873,1939.0204244900192
TE-006874,3995.72456808841
TE-006875,2518.714967086973
TE-006876,2111.174670435631
TE-006877,2658.555229456039
TE-006878,4886.754183742871
TE-006879,1437.9496989407698
TE-006880,1832.3035797626399
TE-006881,4661.110643887226
TE-006882,2050.8780270620887
TE-006883,837.2265070132687
TE-006884,3384.421403447265
TE-006885,1726.1770737421355
TE-006886,2819.6513716566214
TE-006887,1057.8350180253458
TE-006888,1038.2616183729301
TE-006889,1641.8092266961007
TE-006890,5540.921456438695
TE-006891,1953.6382210695792
TE-006892,940.5372754197465
TE-006893,555.2313095330271
TE-006894,1055.4371498309738
TE-006895,4361.707450898542
TE-006896,1101.6083538258445
TE-006897,811.7324074445787
TE-006898,2471.042891012859
TE-006899,2384.386032234124
TE-006900,2490.8662472817387
TE-006901,1902.9044882420262
TE-006902,1765.0227631174957
TE-006903,3712.4775812137723
TE-006904,513.9675470559278
TE-006905,566.817327448389
TE-006906,2279.757467200372
TE-006907,2236.540197191291
TE-006908,1020.0188833869263
TE-006909,2087.685389340232
TE-006910,1005.6497275354282
TE-006911,519.027323203848
TE-006912,3727.236056792013
TE-006913,5463.300018837057
TE-006914,3536.8000993618907
TE-006915,4273.055555399417
TE-006916,1041.9591406120353
TE-006917,4462.3127991161855
TE-006918,3812.7431608848287
TE-006919,3006.066560867862
TE-006920,2026.672129046483
TE-006921,1757.6420233809674
TE-006922,1202.9531333270065
TE-006923,1822.2831027155762
TE-006924,2069.7661167721767
TE-006925,1000.6127378957588
TE-006926,5120.771518737784
TE-006927,3997.785457703812
TE-006928,1715.2481396905496
TE-006929,4957.731426389984
TE-006930,1428.7841516723824
TE-006931,1131.424099082496
TE-006932,629.0584898076086
TE-006933,4672.982538781165
TE-006934,1898.7169442840332
TE-006935,3195.490127280477
TE-006936,1471.3741632933254
TE-006937,1908.1334790714025
TE-006938,851.325957697909
TE-006939,3716.1033711224977
TE-006940,1256.567529893026
TE-006941,1505.8974501730218
TE-006942,1944.5436416913665
TE-006943,1287.5516952209387
TE-006944,5084.651342435041
TE-006945,2877.6859710742247
TE-006946,2102.891644819228
TE-006947,1061.2706034958046
TE-006948,2185.8817194168505
TE-006949,1694.0242816790924
TE-006950,2161.2301256502683
TE-006951,2857.106009304774
TE-006952,2941.613459864025
TE-006953,4387.519201330684
TE-006954,4137.337874849266
TE-006955,890.8775209366388
TE-006956,4037.5051926477427
TE-006957,1869.3988675652997
TE-006958,3313.3883346818775
TE-006959,3454.960326475605
TE-006960,1230.025548877717
TE-006961,1273.5043484436414
TE-006962,2414.034132255927
TE-006963,1800.7106861398881
TE-006964,3896.145020053348
TE-006965,1775.6691125622294
TE-006966,2722.294285788826
TE-006967,2987.7762046964203
TE-006968,3798.783631141924
TE-006969,1902.3136839692586
TE-006970,2223.2000675746426
TE-006971,5353.594869265554
TE-006972,2377.492804400055
TE-006973,2172.30441796021
TE-006974,1428.7813568498764
TE-006975,1559.6251302450044
TE-006976,4964.091968079161
TE-006977,725.0705380458974
TE-006978,3500.155545165645
TE-006979,1341.5672051792965
TE-006980,873.3293509896139
TE-006981,3333.317414369489
TE-006982,3123.2098014893318
TE-006983,4278.148736462319
TE-006984,2296.2864161055913
TE-006985,3236.5994547291457
TE-006986,4404.4135209610995
TE-006987,780.69459195373
TE-006988,1116.2913139390544
TE-006989,3349.20223918748
TE-006990,3380.7830514526854
TE-006991,1328.9045673641047
TE-006992,2469.9342193682924
TE-006993,2403.402189090829
TE-006994,1593.4406764704995
TE-006995,4965.231098657124
TE-006996,936.1790037416467
TE-006997,3722.240214763813
TE-006998,4321.698442548375
TE-006999,599.7593432088265
TE-007000,976.121014091395
TE-007001,639.8705846455555
TE-007002,4679.085726647373
TE-007003,651.6158833962525
TE-007004,4640.310617945583
TE-007005,2364.5255719530815
TE-007006,2017.707644524008
TE-007007,4346.11946067821
TE-007008,2870.4339984094845
TE-007009,1571.9165814416085
TE-007010,2319.1677532037256
TE-007011,1749.5159291630875
TE-007012,3349.1244841815314
TE-007013,1302.0670277557856
TE-007014,774.8064284982495
TE-007015,689.6762918696022
TE-007016,369.7467577306627
TE-007017,551.9101702999983
TE-007018,429.24914173729553
TE-007019,1847.438798092182
TE-007020,1799.4813141474438
TE-007021,1503.3719967355592
TE-007022,1533.2392663609396
TE-007023,932.5199092588812
TE-007024,4528.186726713903
TE-007025,2523.4037453855462
TE-007026,1241.270724654102
TE-007027,519.7306576638391
TE-007028,1440.4061999482765
TE-007029,1653.3892709927857
TE-007030,5248.416484121612
TE-007031,1747.0140886901665
TE-007032,2592.2914303171056
TE-007033,1777.3130803240695
TE-007034,2111.20163319206
TE-007035,2135.9036912962833
TE-007036,1122.7202324878067
TE-007037,5093.050273004945
TE-007038,1478.0366568859185
TE-007039,3011.50713636732
TE-007040,530.2179518227545
TE-007041,3863.9199689476754
TE-007042,3824.3236270236944
TE-007043,1055.339254815101
TE-007044,696.0180146896491
TE-007045,1413.0983814099147
TE-007046,2438.7818742448503
TE-007047,3636.8710341985457
TE-007048,2033.9650115206916
TE-007049,713.906210585181
TE-007050,3605.713106214589
TE-007051,4129.819373249413
TE-007052,1037.9196938897962
TE-007053,1754.1390977342626
TE-007054,1982.0888684721883
TE-007055,1169.2343809690406
TE-007056,1499.674037031598
TE-007057,3503.9871757957508
TE-007058,4512.325543995598
TE-007059,2915.2792571963973
TE-007060,3168.4161083558765
TE-007061,3007.2063216023043
TE-007062,3201.6094054505375
TE-007063,776.5594169124581
TE-007064,1064.354491230089
TE-007065,2381.8323122925644
TE-007066,3195.645836894878
TE-007067,1336.6682829964468
TE-007068,4493.076121095517
TE-007069,2037.848992295672
TE-007070,5398.090529090003
TE-007071,1121.2820764083776
TE-007072,1492.9322224557977
TE-007073,878.1560399676098
TE-007074,3012.717887304787
TE-007075,1969.9355206678915
TE-007076,1369.6657543008128
TE-007077,2110.177671474328
TE-007078,1382.9641230675043
TE-007079,3703.363161462159
TE-007080,777.8230647798059
TE-007081,5433.933717678334
TE-007082,3709.115442194571
TE-007083,1256.4131274548035
TE-007084,1158.9267686354901
TE-007085,1550.1754142901145
TE-007086,938.5254990259791
TE-007087,1727.5697194325858
TE-007088,5092.196855858625
TE-007089,2241.193432897364
TE-007090,2882.4995845301987
TE-007091,2551.8804776623697
TE-007092,1616.8771954442807
TE-007093,1308.2687388085265
TE-007094,1550.8799641249234
TE-007095,3586.236116964257
TE-007096,2384.2073589205575
TE-007097,1625.8799114652002
TE-007098,1864.4203670965153
TE-007099,1665.416303603827
TE-007100,2041.7641687441564
TE-007101,557.0030390725706
TE-007102,1184.8871217528945
TE-007103,2808.4887719642293
TE-007104,1132.2983530093738
TE-007105,736.8797059878025
TE-007106,1097.26893069678
TE-007107,4407.103580481006
TE-007108,1137.9227699721623
TE-007109,1675.6514087090477
TE-007110,780.7390531970518
TE-007111,1036.7666330777402
TE-007112,4162.518826832367
TE-007113,3447.7809667360707
TE-007114,2247.654936963651
TE-007115,887.6700345166321
TE-007116,3362.435304425593
TE-007117,1601.8947024997692
TE-007118,2697.363043166384
TE-007119,820.0744849071734
TE-007120,1637.1019269059911
TE-007121,1593.963307446807
TE-007122,3877.835052898903
TE-007123,1606.3937065007012
TE-007124,1469.6478388627345
TE-007125,4728.494271909336
TE-007126,4095.011151633101
TE-007127,4075.202443294227
TE-007128,1172.9362899188725
TE-007129,1234.04213289661
TE-007130,588.5020870877056
TE-007131,1702.8625385395721
TE-007132,2399.4941351592665
TE-007133,1525.1358337971885
TE-007134,4819.0570661494785
TE-007135,3590.9500257724358
TE-007136,1488.4503295802838
TE-007137,2175.5193774934974
TE-007138,2075.713617959912
TE-007139,1374.9283682328878
TE-007140,887.8159691274086
TE-007141,2906.1887595956114
TE-007142,1357.7375380082742
TE-007143,5204.439406149142
TE-007144,1033.441900262792
TE-007145,1220.646381991631
TE-007146,987.7895598729745
TE-007147,6299.2614361491005
TE-007148,2251.028015770913
TE-007149,3392.502671985486
TE-007150,3090.0560467787946
TE-007151,2269.931705661496
TE-007152,489.4305714014422
TE-007153,2616.686874738335
TE-007154,2403.3103008152348
TE-007155,4462.221720268365
TE-007156,884.8118354670464
TE-007157,2121.307237616841
TE-007158,2450.713465645397
TE-007159,3513.129320558981
TE-007160,1490.6153490538213
TE-007161,5585.060054754695
TE-007162,3427.4979484109044
TE-007163,3880.086095598589
TE-007164,3593.282314376608
TE-007165,3738.1027686228513
TE-007166,1527.3134758868623
TE-007167,1628.6947965515271
TE-007168,1252.449300950013
TE-007169,1715.8066213370876
TE-007170,4402.1821693946895
TE-007171,1190.2212650835581
TE-007172,1038.1037171104922
TE-007173,759.7605659026735
TE-007174,3160.128995356973
TE-007175,3907.3164547453352
TE-007176,1031.2582283873421
TE-007177,1723.2717146118116
TE-007178,2132.9329208411727
TE-007179,2614.6290513462113
TE-007180,2005.7101423601991
TE-007181,4220.748638493457
TE-007182,1344.3835314035812
TE-007183,1255.2882661423591
TE-007184,3388.3263245529006
TE-007185,1853.1442482808068
TE-007186,2771.728839844127
TE-007187,1391.827234903622
TE-007188,3261.746022302468
TE-007189,4528.866976389357
TE-007190,1135.5347468471891
TE-007191,1833.7595254188811
TE-007192,3762.052122626953
TE-007193,1010.7460508280603
TE-007194,3489.5840705828327
TE-007195,1263.879608130444
TE-007196,1889.6799377393104
TE-007197,3667.1676230374283
TE-007198,2691.837538985273
TE-007199,2943.784044865216
TE-007200,1606.8852653461447
TE-007201,2198.096249191343
TE-007202,1960.6513807443407
TE-007203,939.2693369628778
TE-007204,1552.4327616045568
TE-007205,1771.8027537224173
TE-007206,3574.7705903097963
TE-007207,1873.9902977854142
TE-007208,598.6855686900312
TE-007209,1413.739226884276
TE-007210,4300.695607522908
TE-007211,1691.1101636467
TE-007212,4194.831073351681
TE-007213,4231.095495088639
TE-007214,1494.8642892296089
TE-007215,1781.2135440257166
TE-007216,560.1354804460275
TE-007217,2250.260510710601
TE-007218,2356.753061312219
TE-007219,1498.256843636636
TE-007220,3978.651762766018
TE-007221,1130.555238435882
TE-007222,1259.9288367827035
TE-007223,2654.204285505492
TE-007224,1346.420189967395
TE-007225,790.6175945861437
TE-007226,1571.3674040275873
TE-007227,5329.412211924094
TE-007228,1798.6495332434934
TE-007229,1221.8990782749665
TE-007230,4183.270468904724
TE-007231,4517.175809365128
TE-007232,892.4520388196772
TE-007233,4294.520418758502
TE-007234,3882.2407067021672
TE-007235,880.600468284759
TE-007236,1769.0771427672917
TE-007237,3468.528360432939
TE-007238,2153.4819900540124
TE-007239,1612.686257994216
TE-007240,3398.678489477993
TE-007241,2162.1193086083917
TE-007242,2816.8716523040275
TE-007243,1151.0150309109242
TE-007244,1863.5806407583023
TE-007245,4872.206520223319
TE-007246,447.48784499686326
TE-007247,3091.988463098911
TE-007248,447.24418048504367
TE-007249,1771.4490201348958
TE-007250,2263.4636300315187
TE-007251,1121.5360219898002
TE-007252,2872.0376641613766
TE-007253,2745.4858553453123
TE-007254,1106.6679028595295
TE-007255,2431.5413032964757
TE-007256,4918.738287225873
TE-007257,4015.2008822803987
TE-007258,1772.432773220203
TE-007259,1279.855912536032
TE-007260,1509.9440025528647
TE-007261,2343.8058767593648
TE-007262,1904.462676648581
TE-007263,825.0936559703819
TE-007264,1645.3926994379372
TE-007265,2046.5231589074792
TE-007266,351.10668013174995
TE-007267,1474.233816972349
TE-007268,3253.448465876306
TE-007269,2139.096797894268
TE-007270,3703.4469963256597
TE-007271,1070.564803235005
TE-007272,855.6581551519155
TE-007273,1286.032031541938
TE-007274,2718.552082003142
TE-007275,3502.0220046421387
TE-007276,2167.6560589074547
TE-007277,989.220980566362
TE-007278,1855.2672488975593
TE-007279,5519.717891636412
TE-007280,1761.5577544959383
TE-007281,1586.2568544746719
TE-007282,619.028894028063
TE-007283,1091.5758499970207
TE-007284,2249.525558219862
TE-007285,5043.609609577089
TE-007286,875.1346999815319
TE-007287,4538.317035095534
TE-007288,820.5734723425514
TE-007289,1089.4880944558831
TE-007290,4061.6370377579983
TE-007291,492.97772071281497
TE-007292,721.3684407899202
TE-007293,1650.142498610725
TE-007294,1959.4529753427469
TE-007295,5099.997173516489
TE-007296,5138.387890626451
TE-007297,2000.5708284482037
TE-007298,4311.816422895548
TE-007299,3511.981626604596
TE-007300,3052.2679044150386
TE-007301,1766.6869181678983
TE-007302,1623.6149675322504
TE-007303,283.7958349767639
TE-007304,2962.1351537162764
TE-007305,3743.6202063509627
TE-007306,607.7008704102111
TE-007307,1319.6385956178847
TE-007308,4509.774378024686
TE-007309,1846.6310014386067
TE-007310,3190.8731705223217
TE-007311,1542.9037955778967
TE-007312,1804.3426993741198
TE-007313,3541.786041912463
TE-007314,1376.5556613156373
TE-007315,2964.1299858148586
TE-007316,1880.8228870528726
TE-007317,2264.0660551046794
TE-007318,1767.649932318052
TE-007319,5581.151503875017
TE-007320,521.3806479966706
TE-007321,4008.5690605217987
TE-007322,4537.732520690863
TE-007323,3450.7754468525627
TE-007324,897.6677053430328
TE-007325,2239.484420530721
TE-007326,5768.988524320988
TE-007327,4293.547745501935
TE-007328,4084.4253634187735
TE-007329,1798.111273386423
TE-007330,989.9779850096829
TE-007331,1786.8376924886193
TE-007332,1394.0799132814595
TE-007333,3499.2082732167646
TE-007334,1449.892369918959
TE-007335,4396.149544316752
TE-007336,3483.3429494531065
TE-007337,821.4117054012422
TE-007338,4050.4996718769344
TE-007339,1745.1480226359458
TE-007340,1999.5726328052524
TE-007341,4898.473039114493
TE-007342,1991.9210039342124
TE-007343,763.2173352519403
TE-007344,1605.0780555759065
TE-007345,1332.106874297754
TE-007346,3643.835517887019
TE-007347,1226.1699771809704
TE-007348,2569.0286339923778
TE-007349,4061.4714113314703
TE-007350,2198.0422908955643
TE-007351,3079.7659441918195
TE-007352,1540.1032719713132
TE-007353,642.595823939771
TE-007354,2124.9848215462703
TE-007355,1973.0912537855459
TE-007356,2100.848065792217
TE-007357,4092.3116838851533
TE-007358,3251.69572872567
TE-007359,3776.0805762274094
TE-007360,4083.8157627880937
TE-007361,4199.52629070927
TE-007362,1612.7458897555525
TE-007363,1326.5021268813152
TE-007364,4558.480783378604
TE-007365,1035.0719462490144
TE-007366,2974.8602022977134
TE-007367,1000.4950531529337
TE-007368,1732.4522498810486
TE-007369,1533.4636453577787
TE-007370,1291.049929775002
TE-007371,4719.816428305478
TE-007372,2313.771196215331
TE-007373,4451.330880130459
TE-007374,624.156237123279
TE-007375,1779.8272916840097
TE-007376,3317.55445375598
TE-007377,1567.9199257464609
TE-007378,2129.3722662244363
TE-007379,1895.500395304782
TE-007380,2938.3413432594334
TE-007381,3123.0039771671836
TE-007382,4188.848144095269
TE-007383,5954.648480786762
TE-007384,4473.40078760588
TE-007385,2237.6492482223407
TE-007386,3842.6996360187995
TE-007387,801.3116846547055
TE-007388,1671.7241654080308
TE-007389,2371.6610037471073
TE-007390,1399.0250948260182
TE-007391,861.7485931305148
TE-007392,1249.8243146238424
TE-007393,2219.9229083962123
TE-007394,3866.1964988367527
TE-007395,4622.321707579598
TE-007396,2482.109477097423
TE-007397,5219.609550507148
TE-007398,3500.3616878740286
TE-007399,1578.253116507934
TE-007400,3426.297541752907
TE-007401,1669.7418793085967
TE-007402,4293.91876837798
TE-007403,1969.6669939210185
TE-007404,1987.8100336249925
TE-007405,2137.0264659149702
TE-007406,2253.450465170015
TE-007407,3972.8532096205804
TE-007408,1764.6254892607599
TE-007409,1227.7195270963343
TE-007410,884.8380737209225
TE-007411,3572.7587568367117
TE-007412,2294.2607774129474
TE-007413,5737.62167959857
TE-007414,5344.244928276711
TE-007415,3869.850626288857
TE-007416,1103.9323334807127
TE-007417,5670.982172717776
TE-007418,2004.0763032966147
TE-007419,4847.578912595352
TE-007420,2370.68162471029
TE-007421,1197.4544012091358
TE-007422,1166.9932088663595
TE-007423,940.1874613260629
TE-007424,2350.957558851232
TE-007425,944.6002286886708
TE-007426,380.9144184160484
TE-007427,1692.2145670675827
TE-007428,3696.8692122936736
TE-007429,3126.659801834705
TE-007430,3915.8448457066193
TE-007431,1994.2502838036544
TE-007432,1985.9401486547733
TE-007433,3028.762117401928
TE-007434,2388.8219060159286
TE-007435,1512.9435649316376
TE-007436,1771.0450612723896
TE-007437,635.0155263598897
TE-007438,1622.5902720049253
TE-007439,2492.805415857363
TE-007440,2205.6607322318046
TE-007441,1060.3478262790204
TE-007442,1182.8540726265264
TE-007443,2811.3684870558945
TE-007444,235.6680240167152
TE-007445,4732.812418420859
TE-007446,827.7148851559634
TE-007447,1071.9604920104475
TE-007448,1110.1668425718578
TE-007449,1877.780834842678
TE-007450,1156.5458897731369
TE-007451,2988.2110889816468
TE-007452,1695.251050639196
TE-007453,3657.6114823356866
TE-007454,2040.4879405677018
TE-007455,2970.5623151861378
TE-007456,3207.150905217318
TE-007457,2762.268080489006
TE-007458,1356.3201739835422
TE-007459,1489.6856469419208
TE-007460,1442.5836431529933
TE-007461,2545.529908972907
TE-007462,4384.93137527253
TE-007463,1822.2078659501751
TE-007464,5736.182437215654
TE-007465,3488.569559018444
TE-007466,1459.4617600066417
TE-007467,3777.9351376092545
TE-007468,519.4950948008827
TE-007469,1476.4337813521338
TE-007470,6127.403219506571
TE-007471,3535.304303977494
TE-007472,3959.491042085282
TE-007473,1192.7929201612174
TE-007474,461.6137804409768
TE-007475,1205.2582808416662
TE-007476,1177.5858305146676
TE-007477,3772.3447899786993
TE-007478,1582.4176741200386
TE-007479,3862.028427912999
TE-007480,612.950934064484
TE-007481,4111.218913193181
TE-007482,1048.269463346342
TE-007483,1701.1985092143775
TE-007484,1120.127456175309
TE-007485,392.9783328351607
TE-007486,2582.5456369054673
TE-007487,1219.7330692335936
TE-007488,1083.5055287163964
TE-007489,4304.338241017656
TE-007490,3709.9867019654966
TE-007491,1203.3714269658412
TE-007492,1684.8526320090343
TE-007493,1939.018406762582
TE-007494,1446.5363813163867
TE-007495,2350.013386621348
TE-007496,1634.3705372633362
TE-007497,533.5561558405518
TE-007498,3052.0935858017588
TE-007499,2658.337606332774
TE-007500,1887.4848364422805
TE-007501,1100.8865593277806
TE-007502,3266.140238709214
TE-007503,6251.950885724345
TE-007504,633.0157815361397
TE-007505,3654.6596705810994
TE-007506,2042.7513402275345
TE-007507,2459.6429243336192
TE-007508,654.1533778565897
TE-007509,583.1242881555856
TE-007510,238.77025110878867
TE-007511,1226.321194074437
TE-007512,1911.6230808258417
TE-007513,2213.509447693615
TE-007514,743.6485353752576
TE-007515,3996.060821276388
TE-007516,1336.4211947780339
TE-007517,2408.8461327911423
TE-007518,1852.9253765615335
TE-007519,1328.678588251356
TE-007520,2320.6245740683753
TE-007521,4327.003984525041
TE-007522,3011.559165789339
TE-007523,1361.0776896891657
TE-007524,1588.2813018747406
TE-007525,4595.9506900561455
TE-007526,2139.8527473890294
TE-007527,1174.6618864681454
TE-007528,3949.2831860289953
TE-007529,2404.1100851871256
TE-007530,3833.447138767894
TE-007531,1078.2349737590594
TE-007532,228.62627508587389
TE-007533,3297.6828497626057
TE-007534,1828.8519914767753
TE-007535,1987.4052266640615
TE-007536,5173.241671607111
TE-007537,808.7357057992845
TE-007538,678.4169384980246
TE-007539,2430.832036978376
TE-007540,2473.3843266015
TE-007541,2429.4150084576295
TE-007542,2017.1158193777394
TE-007543,4968.6056041355405
TE-007544,1733.425684717218
TE-007545,3043.379517057428
TE-007546,1164.505949125879
TE-007547,5345.071828000651
TE-007548,793.8048682048088
TE-007549,3941.7517218589137
TE-007550,1242.6313861111123
TE-007551,2014.6863481192531
TE-007552,1861.9358282185158
TE-007553,725.5494215148365
TE-007554,1396.2579664313282
TE-007555,3013.1300275223025
TE-007556,2039.2880750088877
TE-007557,3266.6091735604336
TE-007558,856.5936680628633
TE-007559,3939.7986691865044
TE-007560,1841.3048056843884
TE-007561,3982.4262381234903
TE-007562,821.3251398623861
TE-007563,2244.568436226818
TE-007564,1112.783272143831
TE-007565,3348.548194267464
TE-007566,4067.3443882909346
TE-007567,3045.1177422495257
TE-007568,917.4178093881117
TE-007569,1140.750680656377
TE-007570,1352.55286942368
TE-007571,1168.7120275437132
TE-007572,3356.3294351543364
TE-007573,2092.4043429880708
TE-007574,1189.3800557085344
TE-007575,4001.4749585109457
TE-007576,1982.6522921184985
TE-007577,920.7052672645286
TE-007578,932.33259603953
TE-007579,2075.2684207303596
TE-007580,804.6834894856745
TE-007581,1753.8854914165388
TE-007582,3213.8626131506517
TE-007583,2203.8074902597245
TE-007584,1829.4244889184627
TE-007585,1853.4991385980486
TE-007586,3269.7269491804836
TE-007587,889.1027509241899
TE-007588,2400.098473751072
TE-007589,4527.205638347457
TE-007590,6014.140253201253
TE-007591,1382.1654493318663
TE-007592,6034.004254704541
TE-007593,702.1295040892214
TE-007594,963.4436417504053
TE-007595,4177.952086385744
TE-007596,1027.7265015118005
TE-007597,3739.697432047966
TE-007598,2032.639764766975
TE-007599,864.1996488293307
TE-007600,3845.377863873029
TE-007601,1122.098959213839
TE-007602,1159.0878938784733
TE-007603,2772.804971255688
TE-007604,1313.2249222362116
TE-007605,222.55559366274792
TE-007606,2349.8644590773806
TE-007607,1272.5355123290296
TE-007608,1457.700667233023
TE-007609,2166.7132039823264
TE-007610,3930.2544719590514
TE-007611,718.7486956702801
TE-007612,2962.216991915617
TE-007613,3113.4761425360207
TE-007614,673.7289407673893
TE-007615,803.402276515412
TE-007616,1064.99069471455
TE-007617,1623.3823358663522
TE-007618,4597.411039135047
TE-007619,836.3393599241547
TE-007620,766.0864750711135
TE-007621,739.4162234976864
TE-007622,1400.9081280585594
TE-007623,3414.7870463981385
TE-007624,3036.685877131722
TE-007625,1465.8391615096393
TE-007626,1556.602119242569
TE-007627,1795.9782188524762
TE-007628,1453.9048455936481
TE-007629,835.0398399997225
TE-007630,4166.982512050823
TE-007631,2393.906515966462
TE-007632,3920.1232806680273
TE-007633,284.4823459664701
TE-007634,4370.665212677879
TE-007635,1682.8335160785364
TE-007636,4776.285136999833
TE-007637,1871.9764673585555
TE-007638,3755.0525309652503
TE-007639,1648.905779373643
TE-007640,3368.3880324440097
TE-007641,1881.222777203528
TE-007642,2281.8500727875708
TE-007643,1459.2935337761426
TE-007644,2847.514201496436
TE-007645,2685.2146867267006
TE-007646,2543.0969116931974
TE-007647,705.6258903818123
TE-007648,2594.162100983696
TE-007649,700.0394972074257
TE-007650,3986.1694533424525
TE-007651,3035.058166847863
TE-007652,3984.223497081055
TE-007653,2114.504877470695
TE-007654,2187.29462249355
TE-007655,1671.3316488631015
TE-007656,2216.996969071494
TE-007657,746.2284264625237
TE-007658,2756.344389659622
TE-007659,3806.704602108713
TE-007660,1051.6177267340292
TE-007661,4014.603513943911
TE-007662,4789.858558069323
TE-007663,2272.7053635601214
TE-007664,2461.110206304621
TE-007665,2387.62817249669
TE-007666,1521.5686235561916
TE-007667,5724.7841133527045
TE-007668,2439.217107724261
TE-007669,586.0809167977043
TE-007670,1548.359562723189
TE-007671,3838.7612844446817
TE-007672,1193.3511101068352
TE-007673,2381.2651743998485
TE-007674,1284.4194877120176
TE-007675,3675.38250289411
TE-007676,2714.627496129028
TE-007677,4405.230198678082
TE-007678,1696.625001894082
TE-007679,2476.1463608562576
TE-007680,2940.9378878951143
TE-007681,1574.0842339238354
TE-007682,3542.232379298537
TE-007683,2294.678352856885
TE-007684,4281.355177246138
TE-007685,360.5433428811448
TE-007686,2216.5808193270504
TE-007687,2418.415706574965
TE-007688,2204.24561654677
TE-007689,1033.1107685065247
TE-007690,2093.341528431254
TE-007691,1953.1253389539584
TE-007692,1145.3959922720962
TE-007693,1720.1809674712645
TE-007694,1017.0860193916116
TE-007695,3050.0083082323226
TE-007696,2143.8041030324985
TE-007697,1008.7599302282774
TE-007698,4930.811204814184
TE-007699,1915.2747245575508
TE-007700,3238.4739376142497
TE-007701,3177.8235422226776
TE-007702,5093.9725961570875
TE-007703,599.114259531736
TE-007704,1058.793431281203
TE-007705,872.1807479685999
TE-007706,2091.1474853843188
TE-007707,4482.479081510077
TE-007708,644.2663868232294
TE-007709,3887.7864858706967
TE-007710,4527.585000051391
TE-007711,4630.285840396621
TE-007712,5420.158098871501
TE-007713,2083.2495253012817
TE-007714,1533.1297734106097
TE-007715,805.4827183194479
TE-007716,935.2682963423185
TE-007717,3238.0722463050215
TE-007718,2681.61174199074
TE-007719,4196.537563593891
TE-007720,2039.722521628159
TE-007721,1430.719273825553
TE-007722,2255.7933762131197
TE-007723,703.0350856844352
TE-007724,3669.3878525679293
TE-007725,2177.86463204992
TE-007726,3260.7864414883934
TE-007727,1615.5333875563158
TE-007728,5314.323523844294
TE-007729,4714.33266932032
TE-007730,2248.740434524281
TE-007731,1959.1415894881525
TE-007732,2276.858928548878
TE-007733,1350.9348406969093
TE-007734,1796.13827143041
TE-007735,4013.3888147585653
TE-007736,2978.700942184775
TE-007737,4796.875501702575
TE-007738,2655.443550706938
TE-007739,952.0204192527754
TE-007740,4274.699295357538
TE-007741,5330.91515260341
TE-007742,1082.7955410959016
TE-007743,1695.777677109154
TE-007744,2546.8161617527185
TE-007745,1121.2230514769021
TE-007746,1591.7338821743797
TE-007747,823.7366758567027
TE-007748,1055.164213577922
TE-007749,2243.6750493734817
TE-007750,2050.4649049109616
TE-007751,985.7790355018867
TE-007752,1562.3380806760063
TE-007753,1016.7221590839542
TE-007754,3138.6730630175725
TE-007755,1513.8456820103142
TE-007756,1665.8662092566476
TE-007757,743.6639449780264
TE-007758,1446.9419866488931
TE-007759,1082.0734894536035
TE-007760,3108.221901946025
TE-007761,5048.128203681768
TE-007762,1214.302491975814
TE-007763,776.3595709656045
TE-007764,798.4744284609947
TE-007765,631.6772861495706
TE-007766,3297.3714870771955
TE-007767,4262.632950106425
TE-007768,2680.2867850668536
TE-007769,1026.2939101032784
TE-007770,1125.7807359021508
TE-007771,4362.922846135936
TE-007772,2244.539017091538
TE-007773,2248.055008815329
TE-007774,1806.5538333024726
TE-007775,2241.0276930462123
TE-007776,2194.10402378805
TE-007777,1308.2649601876028
TE-007778,2897.7335165589866
TE-007779,1576.8312075739295
TE-007780,910.0425392284437
TE-007781,1125.9787103038748
TE-007782,2625.8514133205554
TE-007783,2150.768614800791
TE-007784,1645.5148908205465
TE-007785,2177.9149032499654
TE-007786,3091.5406754681453
TE-007787,2632.409304781563
TE-007788,3229.144045418907
TE-007789,2672.4619143230934
TE-007790,2024.0398116876274
TE-007791,3119.284708362635
TE-007792,3712.8952832660975
TE-007793,3928.733895331997
TE-007794,1604.224674503549
TE-007795,3847.223425707063
TE-007796,3147.8946357551363
TE-007797,2690.9080787105568
TE-007798,4697.5910235009305
TE-007799,1639.7808262927897
TE-007800,3297.779277942367
TE-007801,354.14965903401344
TE-007802,1440.7703541075198
TE-007803,1566.7366528205534
TE-007804,2444.164142934695
TE-007805,2688.611096619512
TE-007806,4382.4262769237575
TE-007807,4066.045089600297
TE-007808,2867.2140708283187
TE-007809,6349.757782918948
TE-007810,2615.8195182189547
TE-007811,3632.939674092019
TE-007812,1298.8298151319268
TE-007813,940.0418168052004
TE-007814,3008.2099072963138
TE-007815,4065.314937887646
TE-007816,1463.1296773509994
TE-007817,3084.07238853856
TE-007818,1976.1662804511138
TE-007819,1466.1445145115852
TE-007820,2406.592589277266
TE-007821,2334.818566926987
TE-007822,1325.877344394601
TE-007823,937.7497727561226
TE-007824,4279.912262301405
TE-007825,2308.932232397974
TE-007826,967.0586786535389
TE-007827,849.4535498947503
TE-007828,1536.786255607701
TE-007829,250.945015380016
TE-007830,1395.4334758426107
TE-007831,1984.0407629916103
TE-007832,1043.4779126673745
TE-007833,2656.0628677520103
TE-007834,958.5735494744063
TE-007835,3761.596066943651
TE-007836,1501.9173718457641
TE-007837,5081.504928396824
TE-007838,2568.217593851071
TE-007839,948.2858297481907
TE-007840,3681.470465173496
TE-007841,5763.995833460411
TE-007842,1065.6311830313643
TE-007843,1318.3212545013093
TE-007844,2464.8889405669556
TE-007845,940.0840846876904
TE-007846,3845.2413174496696
TE-007847,2642.7737352787617
TE-007848,840.6786409018598
TE-007849,3949.160757903444
TE-007850,1009.3271544275873
TE-007851,2102.7039813688916
TE-007852,4497.377964832001
TE-007853,720.2677431698421
TE-007854,4891.310279770293
TE-007855,4166.3239248246955
TE-007856,5954.509197650762
TE-007857,1114.486660640433
TE-007858,964.4335897820688
TE-007859,325.36626177815333
TE-007860,1948.3609404683737
TE-007861,2888.6053277026713
TE-007862,2614.7373312164395
TE-007863,2286.49349273008
TE-007864,5661.014739634698
TE-007865,373.33115875215753
TE-007866,2580.7560195124224
TE-007867,1001.9743972045587
TE-007868,2795.23242666215
TE-007869,2729.6466884012652
TE-007870,2257.08809854103
TE-007871,933.1183744273333
TE-007872,1662.058773994238
TE-007873,2009.2908484633735
TE-007874,632.469202643063
TE-007875,890.9278879711842
TE-007876,1067.1486326686586
TE-007877,916.0691407459592
TE-007878,3612.707596748547
TE-007879,2609.2804126589617
TE-007880,1511.2244129623539
TE-007881,4032.0325701123993
TE-007882,1881.3096919416078
TE-007883,1922.5225196504339
TE-007884,2392.9749232853683
TE-007885,1123.7976844677255
TE-007886,2860.2036298239955
TE-007887,1932.9409931782784
TE-007888,3991.767242141924
TE-007889,5567.817116608033
TE-007890,2447.875790192582
TE-007891,2796.7938912479362
TE-007892,1376.7584235402196
TE-007893,2804.21146367034
TE-007894,5179.011152703253
TE-007895,3963.457756733638
TE-007896,2280.108426031996
TE-007897,851.7147371152048
TE-007898,890.7070322882373
TE-007899,1962.0136993042224
TE-007900,3389.108276709985
TE-007901,1878.0619470240733
TE-007902,514.2069939260405
TE-007903,1632.4865747621798
TE-007904,1805.2438606037679
TE-007905,2339.444071822167
TE-007906,3973.9492726991366
TE-007907,5532.189360668283
TE-007908,1829.736346015337
TE-007909,1455.0092858022058
TE-007910,1389.0234078015806
TE-007911,1563.602383365924
TE-007912,4408.797391645019
TE-007913,2400.327106708518
TE-007914,1994.7445243751592
TE-007915,2395.551751004851
TE-007916,4309.4475160066395
TE-007917,1033.442101150168
TE-007918,3920.8558580121717
TE-007919,1195.649162708733
TE-007920,2443.971730692832
TE-007921,1109.607527731292
TE-007922,653.5118610973523
TE-007923,1290.8200224141779
TE-007924,1566.954081290578
TE-007925,3158.49301009143
TE-007926,4070.0516130410415
TE-007927,1071.2037547515317
TE-007928,1696.8408881231112
TE-007929,2220.5660308647844
TE-007930,1239.483528992668
TE-007931,2294.092774844442
TE-007932,3696.9307052217537
TE-007933,2053.1800035995443
TE-007934,1254.5754917785728
TE-007935,1621.202384683532
TE-007936,1119.4128193150739
TE-007937,3615.9470925318533
TE-007938,5192.494269141656
TE-007939,370.80993366427106
TE-007940,1704.3226306738195
TE-007941,1485.9315304815848
TE-007942,3548.4320603032734
TE-007943,2140.9840090455004
TE-007944,4246.328748220474
TE-007945,1063.1281743375198
TE-007946,1646.5125627089537
TE-007947,688.2556593367935
TE-007948,2496.3872105350883
TE-007949,4259.7555357001775
TE-007950,4188.482630992434
TE-007951,961.884329364949
TE-007952,1415.457426649528
TE-007953,2179.180632314746
TE-007954,4987.555650673052
TE-007955,690.8219511254772
TE-007956,2130.761590706924
TE-007957,2170.7997077494238
TE-007958,2369.776146277917
TE-007959,4173.929887191853
TE-007960,1827.2406967819716
TE-007961,387.26984016471397
TE-007962,4400.735474308949
TE-007963,5482.16065719265
TE-007964,3055.8922142419506
TE-007965,2610.4535620807515
TE-007966,2015.1945159630534
TE-007967,3332.373099680516
TE-007968,4735.99949995319
TE-007969,1052.2586382781597
TE-007970,1914.9533402503682
TE-007971,6065.905054226731
TE-007972,1976.0737026694333
TE-007973,1678.8501940401973
TE-007974,4085.041921194149
TE-007975,1983.1474879872571
TE-007976,3626.741431655178
TE-007977,2563.831400763391
TE-007978,961.7876473070198
TE-007979,1838.5726881557414
TE-007980,729.7316042729897
TE-007981,3294.8886672343915
TE-007982,3743.4716288686077
TE-007983,1417.7684139574624
TE-007984,3974.5306918176598
TE-007985,1475.5404599924843
TE-007986,1687.97825902403
TE-007987,2048.5460632338736
TE-007988,2189.4461142026776
TE-007989,617.1643813311518
TE-007990,1831.8068895465474
TE-007991,3913.317439034753
TE-007992,1327.7410760065786
TE-007993,2165.7528856203307
TE-007994,2197.568352907546
TE-007995,5883.9203782463865
TE-007996,1648.0669687513655
TE-007997,3365.5616062495765
TE-007998,2352.6849096048977
TE-007999,1503.9539525011278
TE-008000,3696.5257834946597
TE-008001,3125.74500197944
TE-008002,3211.8724007664496
TE-008003,1600.2021853300137
TE-008004,4605.144965221742
TE-008005,3698.7374820997
TE-008006,1205.2538558022939
TE-008007,5799.859499657145
TE-008008,2852.422078053548
TE-008009,682.2645059576519
TE-008010,2918.1083545866777
TE-008011,1419.3392168168566
TE-008012,3879.179749268997
TE-008013,2391.2200606564725
TE-008014,2923.6008408776024
TE-008015,1063.778745395266
TE-008016,1173.1352410975528
TE-008017,4329.244880650652
TE-008018,1314.0816377132069
TE-008019,451.876592625013
TE-008020,1819.812664157013
TE-008021,627.6918919723237
TE-008022,1515.5858270984725
TE-008023,4967.945228380069
TE-008024,1183.4006161032103
TE-008025,3032.5543845793036
TE-008026,1591.771235134684
TE-008027,5062.437521385149
TE-008028,3003.2459769677785
TE-008029,1829.49308478783
TE-008030,4635.098315043961
TE-008031,1947.5342315067617
TE-008032,3076.847748575997
TE-008033,1195.3439620851968
TE-008034,1696.523288765343
TE-008035,2096.8498913260064
TE-008036,4887.983316908592
TE-008037,1713.4579729146776
TE-008038,1489.3824983288512
TE-008039,3499.5383691001916
TE-008040,3289.3465002355665
TE-008041,3780.38571680512
TE-008042,1830.4273317848142
TE-008043,2101.9693843988166
TE-008044,2266.484190427378
TE-008045,4963.059870071655
TE-008046,2990.1783198204907
TE-008047,1703.2547742822067
TE-008048,3080.5629756236913
TE-008049,1910.8185536966962
TE-008050,1309.7988098166215
TE-008051,2355.147591696988
TE-008052,2444.810467144477
TE-008053,3048.1291978660083
TE-008054,2428.153379051806
TE-008055,4409.701522867967
TE-008056,675.8226570458439
TE-008057,4229.760702213667
TE-008058,847.117405394948
TE-008059,3114.8054730866984
TE-008060,868.3026798555748
TE-008061,4522.335228891258
TE-008062,3294.7553592400463
TE-008063,3037.047067358228
TE-008064,904.1950764534104
TE-008065,1762.3531740078042
TE-008066,1655.2140747722801
TE-008067,2104.1237371211564
TE-008068,5444.9515958044885
TE-008069,1866.5118699959053
TE-008070,2308.6865283160278
TE-008071,3669.0245725943632
TE-008072,3541.8573091614826
TE-008073,5027.348556966737
TE-008074,567.9466359934379
TE-008075,3803.6150470963994
TE-008076,4073.883838642001
TE-008077,3973.0485289005296
TE-008078,1752.5179745056118
TE-008079,2879.654893819541
TE-008080,2887.3390323077774
TE-008081,478.78564887663515
TE-008082,1739.952093634136
TE-008083,360.7621248743221
TE-008084,2059.8404172264413
TE-008085,1113.5636274251726
TE-008086,1246.2892848670976
TE-008087,1725.3367758611444
TE-008088,375.86325870939004
TE-008089,1226.8675146456944
TE-008090,1823.0121416422598
TE-008091,3429.4510662094804
TE-008092,2049.060523122486
TE-008093,2510.2236700681146
TE-008094,1683.7650860177125
TE-008095,2163.5748136936663
TE-008096,1725.6445987218162
TE-008097,1849.2287687121286
TE-008098,1617.8455959808896
TE-008099,2846.2612053717603
TE-008100,502.37529801710184
TE-008101,746.2627962506242
TE-008102,825.0785542941428
TE-008103,1759.2762226406448
TE-008104,2405.579747236302
TE-008105,3856.3720737470626
TE-008106,2017.6705776021215
TE-008107,2074.426759235733
TE-008108,1105.4734728797484
TE-008109,5101.165225180897
TE-008110,4851.149244825214
TE-008111,1369.9198432823937
TE-008112,3251.871048763127
TE-008113,1845.026957193445
TE-008114,3527.497588091901
TE-008115,3431.984702841266
TE-008116,2180.5914093184997
TE-008117,1969.1384733612076
TE-008118,4100.011568104555
TE-008119,1527.1633484899812
TE-008120,3356.6220230652852
TE-008121,859.545381554195
TE-008122,2521.9140446349757
TE-008123,1342.2176526967069
TE-008124,1479.6793307182338
TE-008125,1009.1858611374292
TE-008126,1586.0281012238343
TE-008127,5598.921576237479
TE-008128,1962.9687034534584
TE-008129,4618.204577502585
TE-008130,5488.105714233922
TE-008131,740.6632588949083
TE-008132,813.105587955416
TE-008133,1765.6648328094898
TE-008134,1195.3429270975275
TE-008135,1569.1340945037841
TE-008136,4052.944911690467
TE-008137,2010.6348845416835
TE-008138,3019.0443375205823
TE-008139,1316.0320725068316
TE-008140,5599.746479203719
TE-008141,2250.140978030188
TE-008142,391.6221167542599
TE-008143,1675.9944779306152
TE-008144,5718.653144984228
TE-008145,3249.181461407498
TE-008146,3170.8838719473333
TE-008147,1515.6140986695727
TE-008148,1861.8670389344934
TE-008149,4813.622516683246
TE-008150,2865.0865591953875
TE-008151,4766.318862012433
TE-008152,2748.924158133283
TE-008153,1885.6426188862895
TE-008154,3650.8055811511613
TE-008155,4049.9474208251286
TE-008156,1264.6588400536566
TE-008157,587.901742944817
TE-008158,930.0157918545724
TE-008159,3854.9635907806223
TE-008160,4371.037838377057
TE-008161,3249.803303438172
TE-008162,1255.4145805856833
TE-008163,5130.769494656564
TE-008164,490.3065451939983
TE-008165,2059.9037377650866
TE-008166,2376.5652099771614
TE-008167,2042.177025356457
TE-008168,1672.3749551791375
TE-008169,1529.3477534786664
TE-008170,757.0949181165306
TE-008171,4927.71754182963
TE-008172,1134.6420955583435
TE-008173,2481.7680769485796
TE-008174,1155.0478777780077
TE-008175,995.9711994452225
TE-008176,3481.303159039777
TE-008177,1415.6353227076195
TE-008178,1907.71800660282
TE-008179,4029.129717531511
TE-008180,1679.5448427304932
TE-008181,1917.9320010758538
TE-008182,3502.774563039633
TE-008183,1254.7031080751253
TE-008184,2264.989332861535
TE-008185,2174.136237730383
TE-008186,3590.8448361482333
TE-008187,1101.1470221248378
TE-008188,3727.7569609658917
TE-008189,759.1482687036516
TE-008190,2422.3376527750033
TE-008191,2830.024572303145
TE-008192,552.493633811941
TE-008193,905.759272370037
TE-008194,649.9664648369662
TE-008195,1761.3204250827955
TE-008196,3711.3578904296564
TE-008197,884.023364769085
TE-008198,3888.9875012688353
TE-008199,1648.650507362464
TE-008200,571.0894441065009
TE-008201,2917.569143655439
TE-008202,1209.0359143698242
TE-008203,1881.1517490248732
TE-008204,1584.7943191625423
TE-008205,1092.1332544977454
TE-008206,1048.9666229149852
TE-008207,1330.6541635549738
TE-008208,2382.7678906973124
TE-008209,1812.48904271699
TE-008210,5630.345120756954
TE-008211,3917.5925417262797
TE-008212,1783.2890270047285
TE-008213,1859.579103175108
TE-008214,3605.499888908286
TE-008215,3973.0692689355365
TE-008216,1948.310015591222
TE-008217,663.4954251056804
TE-008218,1706.4151807985104
TE-008219,2478.8087032918556
TE-008220,3589.6273072337567
TE-008221,3769.9396110174457
TE-008222,3440.236297650727
TE-008223,1515.3496629350707
TE-008224,1615.8366161501976
TE-008225,4549.536771229103
TE-008226,2315.847682977566
TE-008227,2289.8338209600697
TE-008228,886.7907550369453
TE-008229,2599.2040925574993
TE-008230,544.8637146894762
TE-008231,4026.004890849228
TE-008232,1977.5696031940452
TE-008233,886.7172594642295
TE-008234,2582.467736974867
TE-008235,4571.844373644137
TE-008236,682.7986207243289
TE-008237,2440.8919513450246
TE-008238,3059.1329261586025
TE-008239,409.5005173406264
TE-008240,2493.1729861826298
TE-008241,1899.2731527130095
TE-008242,1503.9087792115947
TE-008243,643.0845601277042
TE-008244,900.7982404193474
TE-008245,1547.7349190382035
TE-008246,1150.3422446987902
TE-008247,3624.7141007573186
TE-008248,1130.1629176306988
TE-008249,626.3265699003259
TE-008250,3296.1183422046124
TE-008251,3858.5878113815033
TE-008252,490.4295240092631
TE-008253,4969.743199704115
TE-008254,1522.2176995873085
TE-008255,1032.1526033914297
TE-008256,2696.5655712116463
TE-008257,1265.2740197997434
TE-008258,1508.3433262702454
TE-008259,1982.6796489922194
TE-008260,2678.945567122313
TE-008261,1492.5209972404007
TE-008262,5853.4749142854325
TE-008263,847.5960839399334
TE-008264,834.0642726140911
TE-008265,3905.0482241576046
TE-008266,1463.7322851721196
TE-008267,1808.8562964014109
TE-008268,1848.4148336384271
TE-008269,677.7012385924718
TE-008270,2225.1600757442343
TE-008271,1879.8481433196769
TE-008272,2129.746020529335
TE-008273,3065.8624536098896
TE-008274,3747.751944961484
TE-008275,1614.7439823301536
TE-008276,560.3425931610175
TE-008277,1123.486968095263
TE-008278,1637.0985849301333
TE-008279,2184.0596392675693
TE-008280,1319.983755631742
TE-008281,615.8786202243764
TE-008282,1237.3050259518031
TE-008283,2714.1363121626
TE-008284,1913.7730291862556
TE-008285,1909.897731426049
TE-008286,4169.05418910263
TE-008287,1119.9678030892967
TE-008288,2537.320766940998
TE-008289,4828.262731654708
TE-008290,779.7210679236464
TE-008291,1592.9023231169826
TE-008292,1312.5482929493426
TE-008293,766.0986345139659
TE-008294,1712.4546014823989
TE-008295,2097.28897270741
TE-008296,1811.2126916810735
TE-008297,1684.1195059201548
TE-008298,662.3727362323446
TE-008299,1826.4936737306573
TE-008300,3715.41627997708
TE-008301,858.4472613058158
TE-008302,1556.2872022107726
TE-008303,3121.267151043742
TE-008304,749.8026156951394
TE-008305,4107.109975635734
TE-008306,617.5210773678546
TE-008307,1767.484451374915
TE-008308,5155.482892522325
TE-008309,1858.2598083298471
TE-008310,1405.9544487033615
TE-008311,1960.24079670346
TE-008312,2252.7884077398053
TE-008313,1075.209641143671
TE-008314,4059.333348497949
TE-008315,962.8400035007996
TE-008316,1182.277901419926
TE-008317,1156.510759518023
TE-008318,2345.0341152738392
TE-008319,5191.3490419190375
TE-008320,4006.9822149239544
TE-008321,4423.484062935584
TE-008322,1490.3356771196031
TE-008323,1810.045727440046
TE-008324,1441.9339827569338
TE-008325,5629.031032760043
TE-008326,2109.550877665486
TE-008327,2010.7121376138257
TE-008328,2206.5717448743717
TE-008329,4557.5663731397035
TE-008330,1887.2329066400828
TE-008331,2800.8042631889684
TE-008332,4278.822576392659
TE-008333,1633.022156617524
TE-008334,2654.4000978069835
TE-008335,3555.8897859232256
TE-008336,2418.7474087551036
TE-008337,1539.242629774307
TE-008338,1830.8885406880192
TE-008339,2761.2000317888896
TE-008340,1435.5867873987463
TE-008341,3005.04530715601
TE-008342,1198.5368694148879
TE-008343,4200.32904808686
TE-008344,2111.425404694158
TE-008345,1564.4529103056898
TE-008346,3560.6307593292904
TE-008347,2525.806753613684
TE-008348,5590.46390665149
TE-008349,1553.165993616498
TE-008350,1113.62840438274
TE-008351,811.2361448023175
TE-008352,4556.9137072606045
TE-008353,1653.5651863594096
TE-008354,1003.8360335934981
TE-008355,576.9617422071174
TE-008356,2953.4909059423962
TE-008357,323.77559099293944
TE-008358,4161.5633194462425
TE-008359,3352.8369064001636
TE-008360,2721.976622977193
TE-008361,4075.898886315308
TE-008362,896.3963549467485
TE-008363,1897.9768036300693
TE-008364,4148.109520744532
TE-008365,5248.750533214923
TE-008366,3294.8525524764136
TE-008367,536.2998283168736
TE-008368,3871.521312022764
TE-008369,6160.465531473759
TE-008370,1938.5847821083523
TE-008371,3329.8280246318604
TE-008372,2552.5995409152233
TE-008373,2549.143647882289
TE-008374,1154.3299040162958
TE-008375,454.1873756392772
TE-008376,1178.9304944376097
TE-008377,3998.3571906445104
TE-008378,276.21051559103944
TE-008379,3272.828560349069
TE-008380,2017.9587914786473
TE-008381,3508.528980576395
TE-008382,789.7799240104484
TE-008383,4824.3946659863705
TE-008384,1313.8836020931772
TE-008385,4669.455612357651
TE-008386,725.5154735963017
TE-008387,4230.484740882555
TE-008388,2633.861460988156
TE-008389,1744.4449197521612
TE-008390,1754.4326403884295
TE-008391,698.5580548980145
TE-008392,652.3379059889796
TE-008393,4000.931012031422
TE-008394,3347.4138475254254
TE-008395,2541.8134589773263
TE-008396,4666.094503748354
TE-008397,2771.9296669039504
TE-008398,805.6692088824864
TE-008399,2717.999473227791
TE-008400,3344.268395066598
TE-008401,818.0630389141122
TE-008402,1134.6045189633533
TE-008403,722.2757214596459
TE-008404,1767.8735690268836
TE-008405,3635.3541995246155
TE-008406,610.9444533369938
TE-008407,1248.8016789970873
TE-008408,684.1297092031896
TE-008409,4108.504671861242
TE-008410,777.9634336432587
TE-008411,2521.9566462559833
TE-008412,887.9185980771517
TE-008413,3575.463373147377
TE-008414,818.8422971523871
TE-008415,3691.612043601858
TE-008416,2227.371204021042
TE-008417,3300.9419774516873
TE-008418,2157.299254346781
TE-008419,3103.74602269664
TE-008420,1261.6482430657406
TE-008421,3843.3892873474306
TE-008422,4043.7615189839626
TE-008423,876.0496310262101
TE-008424,2333.5591202550563
TE-008425,841.7231238801187
TE-008426,984.7591473838677
TE-008427,3761.4292426986194
TE-008428,1502.8904206382567
TE-008429,882.867353242076
TE-008430,4472.5031318058345
TE-008431,1634.4370680978159
TE-008432,2526.819864785371
TE-008433,1704.8312543455468
TE-008434,2883.05002779221
TE-008435,1262.4775631192624
TE-008436,1590.5397308776705
TE-008437,1886.213733609662
TE-008438,772.5622411618033
TE-008439,1000.0985457098536
TE-008440,880.6444880602519
TE-008441,4267.3896259004205
TE-008442,3507.2276688425663
TE-008443,1897.1089496346383
TE-008444,1145.1581450379251
TE-008445,1562.4537921303859
TE-008446,1978.8142452896614
TE-008447,4567.752157544757
TE-008448,4380.526335783956
TE-008449,4817.143437620218
TE-008450,1388.1762252668614
TE-008451,768.7014011777121
TE-008452,3241.941915783459
TE-008453,3763.2198210685374
TE-008454,2097.5734001805536
TE-008455,3785.0397114945026
TE-008456,1640.80758984239
TE-008457,499.2368038286327
TE-008458,547.7342992451902
TE-008459,1490.8507845779245
TE-008460,3473.9038823503292
TE-008461,1074.5088854472062
TE-008462,1458.0482328959893
TE-008463,1481.3055144935724
TE-008464,3984.68648727703
TE-008465,5948.829866808103
TE-008466,2181.127750378302
TE-008467,685.2611328902615
TE-008468,1203.66515844798
TE-008469,1625.4545774044443
TE-008470,2061.973429163953
TE-008471,4472.750612415572
TE-008472,847.7222627873005
TE-008473,1362.1789697862869
TE-008474,5447.59634726047
TE-008475,2413.7479661778084
TE-008476,1481.319876660416
TE-008477,1364.1923416708578
TE-008478,1264.0190977424177
TE-008479,2181.410193082302
TE-008480,2802.07823065473
TE-008481,1584.466275560487
TE-008482,1024.5809259347066
TE-008483,5307.215077279198
TE-008484,1138.171895404851
TE-008485,2037.4741635678513
TE-008486,3876.730861774008
TE-008487,1232.9254460228508
TE-008488,3653.153968673348
TE-008489,1374.6527756438363
TE-008490,1155.2507746069734
TE-008491,2109.9127148406756
TE-008492,1767.8325257697843
TE-008493,2233.9278210722578
TE-008494,2356.834763541823
TE-008495,2010.126967818085
TE-008496,1886.8333191702413
TE-008497,3134.231345633979
TE-008498,1580.1169467369505
TE-008499,961.1136650335122
TE-008500,2174.2316885964124
TE-008501,1931.1195388540477
TE-008502,1599.3870522422224
TE-008503,3042.829849252968
TE-008504,2431.001893230864
TE-008505,4323.639018793961
TE-008506,733.2098200013486
TE-008507,529.1237193427085
TE-008508,4468.190891403658
TE-008509,5241.333527394999
TE-008510,3927.374262649899
TE-008511,1087.26482952179
TE-008512,1561.2430713590225
TE-008513,3425.59575715377
TE-008514,1825.3960277633319
TE-008515,2380.9846739296017
TE-008516,1465.026090089157
TE-008517,4093.995572845343
TE-008518,1180.4387262928844
TE-008519,1484.8847910577933
TE-008520,795.0267610976455
TE-008521,770.1361858178257
TE-008522,1008.0710061027349
TE-008523,1991.054270053217
TE-008524,1121.5782851468941
TE-008525,1063.076930615815
TE-008526,4264.122574580405
TE-008527,4445.065189010076
TE-008528,2572.8813478177467
TE-008529,1214.5898741833028
TE-008530,2119.5509909772195
TE-008531,606.3367019318036
TE-008532,2245.026953642909
TE-008533,1435.3354970201965
TE-008534,1826.6592752915421
TE-008535,1788.5447398793629
TE-008536,2256.8745654224217
TE-008537,3307.8375127750005
TE-008538,1142.670112186359
TE-008539,3134.4497811130755
TE-008540,5255.1938209397085
TE-008541,1560.3096556249882
TE-008542,4366.272807191041
TE-008543,4424.858394086938
TE-008544,3202.8546942733938
TE-008545,881.7631706773541
TE-008546,1798.4065950155582
TE-008547,3332.0421864840728
TE-008548,1488.8485896108177
TE-008549,2774.4570333951697
TE-008550,3860.780665943109
TE-008551,2454.5929866996476
TE-008552,4558.894886551483
TE-008553,5072.864327551709
TE-008554,1023.1593205590916
TE-008555,3814.4913160835713
TE-008556,5991.411654274632
TE-008557,1442.312946923848
TE-008558,771.610543864582
TE-008559,1234.8694069441012
TE-008560,2592.8192322415857
TE-008561,3367.228919617183
TE-008562,1503.3260558899228
TE-008563,2066.642644030703
TE-008564,4162.164077186011
TE-008565,897.9304146587212
TE-008566,3116.8016007999217
TE-008567,1361.8419703892775
TE-008568,1602.6581559153292
TE-008569,3271.913855287372
TE-008570,1524.3691421032227
TE-008571,605.8432839075892
TE-008572,1795.1427796171722
TE-008573,1296.773247456986
TE-008574,864.9118269435601
TE-008575,2793.525804873045
TE-008576,1321.3766227947076
TE-008577,729.484984574168
TE-008578,2038.5083676803379
TE-008579,1507.451396739105
TE-008580,1325.5150470962294
TE-008581,2322.986388448942
TE-008582,4277.330590527805
TE-008583,3906.249240099417
TE-008584,2476.8231805728556
TE-008585,1583.768191038725
TE-008586,3410.303917458091
TE-008587,5474.427037284404
TE-008588,1422.981607333835
TE-008589,1317.9759465505085
TE-008590,692.8432993191504
TE-008591,3237.80935937739
TE-008592,2417.645314044184
TE-008593,1875.8033457560548
TE-008594,2515.9060468816324
TE-008595,2961.8130737951155
TE-008596,4310.479340594329
TE-008597,1625.1012314014301
TE-008598,5170.7112723804275
TE-008599,1749.8660211003635
TE-008600,1962.6914126993624
TE-008601,3934.5303491191708
TE-008602,1417.8894459234698
TE-008603,1261.418096208838
TE-008604,748.1730092678113
TE-008605,4151.8893231463335
TE-008606,1653.1465678716581
TE-008607,1856.035053370343
TE-008608,4063.47640476733
TE-008609,1629.877940179037
TE-008610,1308.9522987960777
TE-008611,1050.3558394909476
TE-008612,1507.887544179607
TE-008613,1957.3089403261083
TE-008614,2305.9403152268474
TE-008615,753.1382231993114
TE-008616,4268.100044928606
TE-008617,989.051428174515
TE-008618,3841.0112250984957
TE-008619,3435.6600599008034
TE-008620,1951.9552777625115
TE-008621,2806.394223030162
TE-008622,721.5785067652844
TE-008623,1799.1397277943458
TE-008624,1370.9725423585949
TE-008625,2861.493073248277
TE-008626,386.57977897606384
TE-008627,904.1180490094032
TE-008628,1763.612368604039
TE-008629,363.6533149095444
TE-008630,372.19444177718947
TE-008631,835.1495292024288
TE-008632,1021.9890224359082
TE-008633,1115.2251851107205
TE-008634,896.58186891493
TE-008635,2143.816961156322
TE-008636,1764.581489916709
TE-008637,1555.651235881481
TE-008638,639.4285265641824
TE-008639,766.089933340106
TE-008640,2175.2278375643655
TE-008641,2446.911142501418
TE-008642,4290.003786584732
TE-008643,1559.61656693266
TE-008644,2231.5329578371443
TE-008645,2020.9446538062118
TE-008646,1405.1974396857515
TE-008647,1923.18087115265
TE-008648,3761.132958172917
TE-008649,2250.46400361103
TE-008650,1559.175129772707
TE-008651,4021.8302197457956
TE-008652,765.5089969283929
TE-008653,2840.1593916646216
TE-008654,2021.233517313851
TE-008655,4337.158155087691
TE-008656,1851.4358857953941
TE-008657,1722.9564337973402
TE-008658,2012.9192701639877
TE-008659,1910.467345817713
TE-008660,3461.657244904446
TE-008661,3722.3694984089425
TE-008662,3795.1987755301793
TE-008663,781.433044563812
TE-008664,3720.828230304675
TE-008665,3514.6761480664272
TE-008666,4148.612587094137
TE-008667,1751.7491332603056
TE-008668,1491.3230877195651
TE-008669,968.8392977610904
TE-008670,4436.0677742223415
TE-008671,2703.283136396333
TE-008672,924.9888620106733
TE-008673,1336.571044990304
TE-008674,1675.1937877893047
TE-008675,613.4176387057219
TE-008676,3133.974112900695
TE-008677,4044.740873091102
TE-008678,428.0111193440862
TE-008679,1039.067390984509
TE-008680,1279.4483428811773
TE-008681,1549.9095052022371
TE-008682,4560.947926986542
TE-008683,4163.663234789499
TE-008684,617.204446877093
TE-008685,804.741486044765
TE-008686,5045.440078859614
TE-008687,2827.770643284517
TE-008688,1545.8440669891527
TE-008689,962.5653555524182
TE-008690,2051.5180532471995
TE-008691,1581.3956646675997
TE-008692,3801.7389426353407
TE-008693,1584.8234887367116
TE-008694,2344.1151477813696
TE-008695,1981.572160257345
TE-008696,926.127002415619
TE-008697,1561.0309953595943
TE-008698,2684.0779882909824
TE-008699,1642.1268105789986
TE-008700,2230.6510163297517
TE-008701,1982.5393443082332
TE-008702,2694.3392239391474
TE-008703,2104.9414483577407
TE-008704,1268.449405450935
TE-008705,5586.881374579059
TE-008706,3312.493847995873
TE-008707,3089.4790654066214
TE-008708,1054.7066432078395
TE-008709,3892.569786657479
TE-008710,1829.2844756389175
TE-008711,3187.6098815963414
TE-008712,5532.0965271820605
TE-008713,1343.5522550912092
TE-008714,2572.6262958579846
TE-008715,4436.328140017531
TE-008716,4975.412913905802
TE-008717,2757.2528446470315
TE-008718,1338.0820533224605
TE-008719,1118.8498195588263
TE-008720,4963.758217017759
TE-008721,1482.4319572707768
TE-008722,5508.332591818058
TE-008723,2002.1196503582164
TE-008724,5187.062818617261
TE-008725,1094.6407376166962
TE-008726,994.6169285731673
TE-008727,592.7634723024389
TE-008728,2313.2009865122686
TE-008729,3729.1847659307577
TE-008730,4943.169285028936
TE-008731,1128.2777075616127
TE-008732,1314.0375537623536
TE-008733,4379.333420741903
TE-008734,1037.525439594378
TE-008735,1741.6666509029424
TE-008736,1643.028245363534
TE-008737,2551.9888413084477
TE-008738,2041.0927954727124
TE-008739,2394.8873444063843
TE-008740,552.6615700738655
TE-008741,237.31091280443206
TE-008742,4311.428733047471
TE-008743,972.0473043313445
TE-008744,844.7813381596809
TE-008745,462.4372026815563
TE-008746,1106.358610857317
TE-008747,1366.820729772308
TE-008748,3488.2974151639746
TE-008749,4873.272068326305
TE-008750,2207.0646552851
TE-008751,1014.7794062977546
TE-008752,1682.6668721217943
TE-008753,3697.2754305731078
TE-008754,1680.7206937192414
TE-008755,1868.1932858351506
TE-008756,3639.386821366761
TE-008757,1348.6452558735014
TE-008758,2174.989790481696
TE-008759,4001.806629999764
TE-008760,4347.800344520073
TE-008761,1984.7593733704523
TE-008762,3847.292061400737
TE-008763,709.5205827447217
TE-008764,2426.5376010930377
TE-008765,2546.518964647831
TE-008766,945.2808757842342
TE-008767,1103.328485279846
TE-008768,2821.6388789108332
TE-008769,4939.866455779621
TE-008770,1436.3485780705635
TE-008771,1429.7189470063345
TE-008772,1048.2787888758219
TE-008773,4409.6248327802805
TE-008774,919.2666870596552
TE-008775,3212.3948190386072
TE-008776,1572.5957049602093
TE-008777,1281.4951376706072
TE-008778,4164.000970144161
TE-008779,3617.39231395567
TE-008780,2632.2502485453415
TE-008781,1597.2325892867802
TE-008782,1814.1340949981288
TE-008783,595.7509157963732
TE-008784,2035.8774506699958
TE-008785,1298.7933880656615
TE-008786,6305.393007669033
TE-008787,4006.515344531987
TE-008788,1970.1865856554193
TE-008789,3569.216268869779
TE-008790,1722.0043419546917
TE-008791,2640.58465037633
TE-008792,706.7943877752095
TE-008793,1044.744633382546
TE-008794,1788.707133186321
TE-008795,4002.060849387003
TE-008796,5257.581913398533
TE-008797,3472.231901959897
TE-008798,931.6201613323087
TE-008799,1107.3119764538392
TE-008800,1564.332189771784
TE-008801,2757.687979255711
TE-008802,3548.2890594176815
TE-008803,1597.547220633113
TE-008804,1598.8342365382564
TE-008805,5026.480954632558
TE-008806,4283.023684510044
TE-008807,1014.7172570337896
TE-008808,1169.6906365680647
TE-008809,3747.7862920548987
TE-008810,552.8649895001138
TE-008811,1368.982358171465
TE-008812,1888.3647640417034
TE-008813,3568.873042938225
TE-008814,4164.077702098524
TE-008815,1958.4728136198146
TE-008816,1601.1292703260428
TE-008817,2500.27093043842
TE-008818,1144.4725330464726
TE-008819,1516.7814020629123
TE-008820,3365.17587194672
TE-008821,3368.0617951990425
TE-008822,3352.242613917362
TE-008823,3007.2261808946205
TE-008824,4051.795772068309
TE-008825,2780.9938968907545
TE-008826,2607.380518145515
TE-008827,1957.4582318131932
TE-008828,1109.9252054924505
TE-008829,722.8124993719798
TE-008830,1595.7595687868525
TE-008831,2447.7128268383185
TE-008832,3106.0112896762694
TE-008833,1847.6831960481798
TE-008834,805.3280168237027
TE-008835,1107.2632472852983
TE-008836,2710.469852435479
TE-008837,951.0025670337186
TE-008838,1153.5123698119064
TE-008839,657.4893215704842
TE-008840,1970.5537502097482
TE-008841,2387.6244586927332
TE-008842,558.8193971701473
TE-008843,4115.788747223143
TE-008844,1493.0349799678627
TE-008845,1040.0526152170378
TE-008846,3856.4027805404603
TE-008847,3326.7316020329545
TE-008848,2020.4052457357693
TE-008849,4612.649733632883
TE-008850,2913.771155260679
TE-008851,1495.5144960758896
TE-008852,4329.345746198778
TE-008853,2204.947171012982
TE-008854,1968.3956906448145
TE-008855,4840.064730673146
TE-008856,2869.687320551994
TE-008857,1946.831562697257
TE-008858,2643.4800668381363
TE-008859,1040.5849576681687
TE-008860,794.402951855709
TE-008861,3816.2419025210547
TE-008862,3854.2239913578633
TE-008863,1974.5128792922364
TE-008864,3784.3746561600965
TE-008865,1294.3871100692384
TE-008866,2868.889795720068
TE-008867,1043.3480758805567
TE-008868,1861.7947651317472
TE-008869,2725.1232252139625
TE-008870,5508.000601432199
TE-008871,3354.7223151906173
TE-008872,2239.0251191452944
TE-008873,907.9345418502128
TE-008874,1677.7924794853354
TE-008875,1321.8333585521273
TE-008876,3650.702396830827
TE-008877,2147.8387008974623
TE-008878,2125.1766328175786
TE-008879,1066.6025450675024
TE-008880,4023.2813926269837
TE-008881,3260.789726102583
TE-008882,1271.5536974323713
TE-008883,567.250986139356
TE-008884,2449.3959044293424
TE-008885,2033.2245960542075
TE-008886,1355.7760819848809
TE-008887,3474.8331331044787
TE-008888,1312.2595159381985
TE-008889,3347.2351916087246
TE-008890,1844.4041417535557
TE-008891,2136.4069240690196
TE-008892,2021.9097987661964
TE-008893,1617.1187132308255
TE-008894,2287.7194116181904
TE-008895,3722.3486683396086
TE-008896,517.2713086207859
TE-008897,3990.0257273227994
TE-008898,474.13812057372434
TE-008899,1855.0066345579198
TE-008900,4385.398500420131
TE-008901,2680.8987046242896
TE-008902,1718.1600274729717
TE-008903,2647.381959655889
TE-008904,1102.6744880474803
TE-008905,1993.1768165768608
TE-008906,800.5073046739519
TE-008907,3680.4365685777466
TE-008908,1801.7610781231192
TE-008909,2036.87843440181
TE-008910,1105.6263410107756
TE-008911,2568.76192761087
TE-008912,1419.3141538123298
TE-008913,4211.826545182389
TE-008914,5610.819324513047
TE-008915,3250.803740173217
TE-008916,339.7504874302099
TE-008917,2939.2253022656064
TE-008918,4851.751979070019
TE-008919,2343.216898580802
TE-008920,1017.8912998500795
TE-008921,1096.5603339505983
TE-008922,1519.9492131002887
TE-008923,258.4440949348302
TE-008924,1450.0746000670815
TE-008925,2427.1093128736393
TE-008926,4488.338070792362
TE-008927,4684.7925050521235
TE-008928,3911.366916422635
TE-008929,883.2511398312936
TE-008930,1244.8195501100006
TE-008931,4248.605274899064
TE-008932,4482.552539910406
TE-008933,562.2435458358646
TE-008934,907.4272927367242
TE-008935,4190.03410613123
TE-008936,1003.568067670381
TE-008937,4300.489347052859
TE-008938,1554.573263220456
TE-008939,1955.7840488736347
TE-008940,5395.6349728967725
TE-008941,1624.6658322165092
TE-008942,1615.0535537661235
TE-008943,1163.0811963105741
TE-008944,4818.178439385254
TE-008945,745.698241798641
TE-008946,3329.3144716603583
TE-008947,4440.931233113479
TE-008948,895.7408038345854
TE-008949,847.144773468114
TE-008950,1707.1430485013595
TE-008951,2113.773993571542
TE-008952,1627.0717069914208
TE-008953,613.9698796663356
TE-008954,4180.612407890082
TE-008955,3252.666659904982
TE-008956,1414.4039404675746
TE-008957,2691.7815147097235
TE-008958,5211.541169488695
TE-008959,4212.405583329568
TE-008960,3116.5741922634134
TE-008961,654.3663340375474
TE-008962,6650.8338467442245
TE-008963,1451.877450502945
TE-008964,2492.253912381195
TE-008965,842.3131130560189
TE-008966,1595.1012861134002
TE-008967,4696.23175814533
TE-008968,4130.221916481685
TE-008969,2085.451153214395
TE-008970,1229.6305559936573
TE-008971,5320.580414917532
TE-008972,1716.4682937616344
TE-008973,1811.4131023959349
TE-008974,2551.8004983429205
TE-008975,3098.8117354103347
TE-008976,1209.340971412295
TE-008977,2559.5784453310175
TE-008978,1917.1791029977126
TE-008979,2833.4911172365273
TE-008980,810.9016185726337
TE-008981,1858.5518780330726
TE-008982,2044.4261343513915
TE-008983,3482.8088013456436
TE-008984,2098.287536772695
TE-008985,1473.406985999029
TE-008986,1531.646366444381
TE-008987,2769.853095466409
TE-008988,690.5608009647594
TE-008989,4442.696968940576
TE-008990,2557.787850677754
TE-008991,1219.7483820303305
TE-008992,1209.2504651467862
TE-008993,2280.2133541898656
TE-008994,771.4804843157385
TE-008995,2794.107455500625
TE-008996,889.9734543667744
TE-008997,2464.9238700738515
TE-008998,4655.308399271348
TE-008999,3045.1741699705576
TE-009000,996.1332841030687
TE-009001,3401.3630131540594
TE-009002,1646.9367151015977
TE-009003,4133.846048869098
TE-009004,1228.4235825852961
TE-009005,1768.6867256039502
TE-009006,1364.3883190511042
TE-009007,3923.919896504046
TE-009008,3737.0671333970586
TE-009009,4531.326811194243
TE-009010,2367.0496634552783
TE-009011,1421.9388674597162
TE-009012,5295.7313617785185
TE-009013,850.9987777978376
TE-009014,2552.6244961672387
TE-009015,1218.3280644716765
TE-009016,2007.231308499503
TE-009017,3296.490437414508
TE-009018,4011.840631020993
TE-009019,766.7666306477443
TE-009020,683.9239959929744
TE-009021,1355.7407350123642
TE-009022,4499.769186176842
TE-009023,374.2032324320048
TE-009024,2095.9462523268066
TE-009025,1137.0450695741597
TE-009026,1974.711834406337
TE-009027,1160.3412034165158
TE-009028,2863.784905935066
TE-009029,2629.815362119764
TE-009030,3425.7637040843156
TE-009031,2346.7975552202934
TE-009032,2473.2755203810707
TE-009033,1144.150552979559
TE-009034,5265.233828401406
TE-009035,1250.8672356166442
TE-009036,2258.773462066411
TE-009037,3030.4405455066267
TE-009038,1116.6429650364153
TE-009039,2746.7939963272884
TE-009040,3057.9320953993065
TE-009041,5015.8543386608035
TE-009042,1633.5230168309267
TE-009043,2315.8058410213157
TE-009044,300.6049062939751
TE-009045,2151.199528617652
TE-009046,3612.4448371333237
TE-009047,1196.9562193831607
TE-009048,272.47396191152757
TE-009049,1573.348160418221
TE-009050,4046.6154132359597
TE-009051,909.714311141232
TE-009052,1265.2813836094572
TE-009053,1049.62307130224
TE-009054,1794.9872519089483
TE-009055,5425.973937008117
TE-009056,2583.386680304469
TE-009057,1616.1434074546758
TE-009058,2524.8950976876326
TE-009059,3029.29284858616
TE-009060,2149.3953229932276
TE-009061,3971.8182468015184
TE-009062,3963.865266619603
TE-009063,3797.1178441535394
TE-009064,1210.9843090343754
TE-009065,424.9577504163931
TE-009066,1859.24819704541
TE-009067,552.8238111647843
TE-009068,1485.602747900552
TE-009069,1272.8147187029595
TE-009070,2202.8144162537747
TE-009071,2318.288411433649
TE-009072,4519.422260757038
TE-009073,1187.57865939075
TE-009074,975.1449977297632
TE-009075,246.6385166822638
TE-009076,3454.306363318996
TE-009077,1761.7580611884023
TE-009078,3651.164587229511
TE-009079,1149.3530928393961
TE-009080,3770.4961524258683
TE-009081,1023.6624445386528
TE-009082,3844.318635592572
TE-009083,4967.595628232715
TE-009084,1296.007530362861
TE-009085,365.18320438888986
TE-009086,3915.5284274517826
TE-009087,1121.3517233089963
TE-009088,1219.5257027258804
TE-009089,813.0194596695849
TE-009090,382.75661136920166
TE-009091,3485.3221459538067
TE-009092,1918.3363896794963
TE-009093,1914.3217794186787
TE-009094,1520.7107366219404
TE-009095,1400.312717718884
TE-009096,3600.140512392135
TE-009097,1128.7493482358398
TE-009098,726.0530903064584
TE-009099,1402.7236970246095
TE-009100,2183.122115920627
TE-009101,1401.4730878933728
TE-009102,4400.511620669822
TE-009103,1727.7183117526656
TE-009104,1593.3590949562758
TE-009105,3312.390267246531
TE-009106,2028.450590296519
TE-009107,629.1159245974131
TE-009108,2356.2955662327504
TE-009109,2043.1760919908193
TE-009110,4616.045667417378
TE-009111,3516.945318334396
TE-009112,3888.8312340671537
TE-009113,4468.54799093974
TE-009114,2640.3526038709992
TE-009115,1215.3357474475383
TE-009116,531.3809699580086
TE-009117,846.4183459657288
TE-009118,1812.2762347923692
TE-009119,3180.135746000919
TE-009120,2056.208899442945
TE-009121,3861.774832949699
TE-009122,1505.6098569568458
TE-009123,2439.680932012518
TE-009124,1207.0908425716311
TE-009125,1611.9962294097145
TE-009126,4909.1905130852165
TE-009127,796.633739749469
TE-009128,4528.151697675519
TE-009129,3771.4394443444908
TE-009130,1611.6392118110525
TE-009131,3981.314276797439
TE-009132,749.3130747711871
TE-009133,4664.50737410058
TE-009134,5073.893520731746
TE-009135,860.2979383210863
TE-009136,3454.240150092471
TE-009137,4963.28702684008
TE-009138,1866.5234828023385
TE-009139,1149.4235520652037
TE-009140,5424.981771544806
TE-009141,1522.8566967729648
TE-009142,2365.0646852354153
TE-009143,2999.5046720668493
TE-009144,3759.1350960099453
TE-009145,1955.6754846106903
TE-009146,2123.4151834035456
TE-009147,2133.9540038081723
TE-009148,2717.3927717258603
TE-009149,3830.822993436049
TE-009150,5277.389113870333
TE-009151,861.8139847600862
TE-009152,2782.1213462405412
TE-009153,1680.3822174018578
TE-009154,2586.659703658425
TE-009155,4507.603171522771
TE-009156,973.5160057311382
TE-009157,1842.290182447126
TE-009158,1335.3788326370934
TE-009159,1285.6398796361968
TE-009160,2470.4196960020463
TE-009161,4898.328750620274
TE-009162,1566.3928309831533
TE-009163,2498.061964101824
TE-009164,2078.472338151205
TE-009165,1150.2298230594847
TE-009166,1596.3086371172767
TE-009167,3483.9932200229478
TE-009168,1854.2903627973915
TE-009169,1965.37984771578
TE-009170,628.5024672202926
TE-009171,1613.3739565902802
TE-009172,1565.0332445849085
TE-009173,2268.3215902802326
TE-009174,1923.3988087590237
TE-009175,799.7540867402113
TE-009176,1447.9040060109949
TE-009177,1386.3588464802365
TE-009178,1941.776754874404
TE-009179,4159.346271435099
TE-009180,704.2333801736856
TE-009181,3183.9376856680706
TE-009182,1399.963725465303
TE-009183,846.3386789336482
TE-009184,3580.0959285747276
TE-009185,4499.467701187734
TE-009186,1765.3877094256072
TE-009187,2342.4618091284947
TE-009188,4233.7877331575655
TE-009189,4163.520114730236
TE-009190,417.09558296992077
TE-009191,615.550062273576
TE-009192,1667.4330488360833
TE-009193,603.5640412562409
TE-009194,811.1610724820607
TE-009195,1434.4761822045061
TE-009196,3600.4829992358955
TE-009197,5575.326876985214
TE-009198,2353.088317986121
TE-009199,1452.6078042628365
TE-009200,5747.837497592122
TE-009201,2072.783764186318
TE-009202,5066.75979209156
TE-009203,1285.2937773607528
TE-009204,1648.7665128105812
TE-009205,1950.000935071296
TE-009206,1220.3747247050937
TE-009207,3585.6887952071957
TE-009208,1775.2827382584921
TE-009209,1375.240243508786
TE-009210,3990.6171200852773
TE-009211,483.275646639466
TE-009212,988.0829658461494
TE-009213,1545.1269201680893
TE-009214,838.2844446483725
TE-009215,2406.395225469507
TE-009216,4533.791783263963
TE-009217,1809.82034413286
TE-009218,2734.354566914535
TE-009219,2205.3631932999683
TE-009220,3833.6272714899196
TE-009221,981.0811052041963
TE-009222,1879.7007639904195
TE-009223,1025.3733594289629
TE-009224,2094.2266486032795
TE-009225,1900.9881679685798
TE-009226,2184.795362720225
TE-009227,897.7004680654461
TE-009228,4392.361610481051
TE-009229,845.223666296851
TE-009230,1885.9725124357456
TE-009231,1223.5582173533958
TE-009232,1245.8651258903983
TE-009233,3232.7663290405617
TE-009234,2341.025497943371
TE-009235,1104.138043656606
TE-009236,1774.7538232907727
TE-009237,4808.559075791313
TE-009238,4149.322944884522
TE-009239,846.5466982952869
TE-009240,2163.610126464824
TE-009241,2291.9188967088758
TE-009242,2619.0427445893856
TE-009243,1200.692028720287
TE-009244,1367.3076081147744
TE-009245,1566.5037645609511
TE-009246,5847.8450453592795
TE-009247,4507.301552548661
TE-009248,3863.7083408989206
TE-009249,2870.379536181014
TE-009250,2007.575552686825
TE-009251,1442.9410165639142
TE-009252,674.9911380108131
TE-009253,813.9679153072332
TE-009254,1919.8137607193162
TE-009255,498.3213879407663
TE-009256,2674.1393574359295
TE-009257,1374.8984964253782
TE-009258,1440.5363761404356
TE-009259,1896.087115358895
TE-009260,1697.463584970961
TE-009261,1729.5762115859395
TE-009262,5583.258427265655
TE-009263,5652.561139756111
TE-009264,4074.79625963895
TE-009265,3772.7929602633667
TE-009266,3467.4189693566354
TE-009267,3055.043399823083
TE-009268,3422.8779871380125
TE-009269,4336.910691432104
TE-009270,5419.818191197166
TE-009271,3911.2809804976387
TE-009272,1869.496192708335
TE-009273,863.6253826707411
TE-009274,5206.2245801442505
TE-009275,2350.7534108983027
TE-009276,1535.338472915239
TE-009277,1527.901818692495
TE-009278,3452.9492820958385
TE-009279,460.83397257250635
TE-009280,800.4903477784819
TE-009281,994.4413269986269
TE-009282,2206.0015349952027
TE-009283,1025.6461677386208
TE-009284,2121.9784543010987
TE-009285,214.28369393821322
TE-009286,669.6425071689307
TE-009287,272.0862761763185
TE-009288,3280.371734301767
TE-009289,3434.825701242762
TE-009290,918.994190859177
TE-009291,1454.8133738408346
TE-009292,2271.7982709206603
TE-009293,912.5917782406295
TE-009294,1642.8863670305782
TE-009295,3573.2658147832644
TE-009296,2718.0812979701263
TE-009297,1523.2495714045515
TE-009298,1226.7801331681562
TE-009299,848.8878898413602
TE-009300,699.8368553685448
TE-009301,2138.856224725477
TE-009302,357.06672222282236
TE-009303,2414.966610540553
TE-009304,5467.775628370901
TE-009305,4440.945177916559
TE-009306,2178.552654158718
TE-009307,345.6080524925503
TE-009308,1062.3167759007438
TE-009309,3956.737541781744
TE-009310,2370.3831190922006
TE-009311,2677.016642707942
TE-009312,1436.1067932734861
TE-009313,2552.2260782413205
TE-009314,4232.06963633823
TE-009315,1656.9657801492979
TE-009316,3308.9424776375745
TE-009317,4477.430658126462
TE-009318,1483.2493940368208
TE-009319,1231.2823291924587
TE-009320,5032.352246399938
TE-009321,1146.252192186138
TE-009322,720.7838314025021
TE-009323,1084.7153434773406
TE-009324,2262.4299511573404
TE-009325,2820.0448404213894
TE-009326,3064.9588836245307
TE-009327,4217.129622982398
TE-009328,4608.6387613763745
TE-009329,2570.0689955062003
TE-009330,4126.679687615177
TE-009331,5134.676358601003
TE-009332,3705.644995377335
TE-009333,1673.6585794449807
TE-009334,788.6921927030962
TE-009335,1046.199769127851
TE-009336,2233.155354137049
TE-009337,1689.0016257653378
TE-009338,2626.8233881152555
TE-009339,1183.80745105827
TE-009340,2987.314414043557
TE-009341,758.5207172174346
TE-009342,1426.1754610590092
TE-009343,4139.194029485406
TE-009344,2946.13767981257
TE-009345,3953.2837963397187
TE-009346,2107.865929874778
TE-009347,3045.3458937860482
TE-009348,652.4688385418435
TE-009349,1081.9319379651042
TE-009350,1522.0550040868436
TE-009351,2131.0530221536396
TE-009352,3503.435475067896
TE-009353,1103.3197765369423
TE-009354,5436.035329447233
TE-009355,2376.3803247131864
TE-009356,3280.881306664948
TE-009357,2320.124219674193
TE-009358,1387.9444517586455
TE-009359,1418.9124073577836
TE-009360,2431.102663300537
TE-009361,2230.5961465018468
TE-009362,1313.9513239431733
TE-009363,4293.448613237391
TE-009364,5179.552468674423
TE-009365,1301.931603310301
TE-009366,4720.700939492113
TE-009367,2037.4860987491322
TE-009368,2825.9749626427397
TE-009369,2107.2068197571466
TE-009370,1693.9671999803008
TE-009371,5124.467934660814
TE-009372,2113.458485747138
TE-009373,4943.221519721265
TE-009374,2680.4947067075627
TE-009375,1107.4345298695794
TE-009376,1442.868186104854
TE-009377,2699.025893956903
TE-009378,664.1530281593716
TE-009379,1707.9603707373217
TE-009380,1973.1953002424286
TE-009381,913.0205899742175
TE-009382,1856.0583807086753
TE-009383,1056.3704611670587
TE-009384,2543.108338835725
TE-009385,2028.5846150075458
TE-009386,1352.2792589176306
TE-009387,2486.059034175028
TE-009388,4008.658378675845
TE-009389,1579.110073037281
TE-009390,4388.782992851282
TE-009391,5776.162447305473
TE-009392,1000.5697931474604
TE-009393,1717.3418211104677
TE-009394,1076.4482370086762
TE-009395,1553.55757004018
TE-009396,2461.845481828948
TE-009397,5151.619398682416
TE-009398,719.5362670833176
TE-009399,4608.7786324847
TE-009400,2524.17050473811
TE-009401,2092.901063447273
TE-009402,1955.6099796586134
TE-009403,5015.950832388708
TE-009404,3565.8597303279726
TE-009405,4564.875180026007
TE-009406,658.2687690040075
TE-009407,2356.4639954799673
TE-009408,1064.191451892515
TE-009409,2677.7458618837163
TE-009410,934.757051812099
TE-009411,1403.6592125000284
TE-009412,757.9858499057846
TE-009413,2467.3723137031006
TE-009414,1093.6907773489133
TE-009415,4092.071623188405
TE-009416,354.8750981857015
TE-009417,3341.5557219956004
TE-009418,1250.9589237482883
TE-009419,1271.3632983349926
TE-009420,789.3865099431619
TE-009421,2095.296817857874
TE-009422,4944.033483681684
TE-009423,4612.845720874907
TE-009424,1962.735092174118
TE-009425,841.329625889784
TE-009426,4449.168478265932
TE-009427,2934.5574218967113
TE-009428,2850.405806524627
TE-009429,5097.819524912733
TE-009430,1370.1266164255399
TE-009431,1676.3806031319673
TE-009432,1192.4340024666253
TE-009433,4003.1923502726017
TE-009434,1638.216809440039
TE-009435,1111.3346260185706
TE-009436,681.0615390038397
TE-009437,4939.824622698585
TE-009438,1042.0835923783682
TE-009439,1455.0135786204253
TE-009440,416.0491527715717
TE-009441,3008.3564463998096
TE-009442,3411.760098923222
TE-009443,2152.5436300979354
TE-009444,944.151750190013
TE-009445,1794.3152150008602
TE-009446,1115.1878777527236
TE-009447,4950.345118524499
TE-009448,4227.580687966007
TE-009449,2796.4627630830696
TE-009450,1035.5391430942402
TE-009451,1814.363102733315
TE-009452,1404.7625482473168
TE-009453,3485.3617803513544
TE-009454,859.3566534850088
TE-009455,1152.2782955467108
TE-009456,6307.773116689896
TE-009457,647.8600617519469
TE-009458,4234.733744556856
TE-009459,2236.2587539827855
TE-009460,2429.897943219831
TE-009461,3959.6403230644946
TE-009462,6026.776443342581
TE-009463,1498.7492912217622
TE-009464,800.5167870569801
TE-009465,2169.195566910614
TE-009466,716.0215664168297
TE-009467,1488.1682610352586
TE-009468,511.7470219022198
TE-009469,2739.1626368066745
TE-009470,2126.119411601966
TE-009471,298.9379233261925
TE-009472,1349.8152605506434
TE-009473,4502.173294075254
TE-009474,2848.8981647604937
TE-009475,2384.942440465475
TE-009476,1921.2762683630804
TE-009477,1556.185863346731
TE-009478,4435.637313939873
TE-009479,1588.9671534771533
TE-009480,1257.4718277734744
TE-009481,2585.795881149952
TE-009482,2444.835556638196
TE-009483,1431.7628978806615
TE-009484,1684.080726184963
TE-009485,3621.238983357167
TE-009486,1752.1667844982592
TE-009487,1466.7154146121381
TE-009488,1240.8398555968065
TE-009489,1944.4200720429315
TE-009490,4156.206611786022
TE-009491,875.9459763133957
TE-009492,4316.523230595543
TE-009493,259.1324808897705
TE-009494,1459.8967684555996
TE-009495,2979.599067106999
TE-009496,5449.853601683271
TE-009497,1233.2124798184386
TE-009498,2483.7860679572077
TE-009499,1271.7788918273286
TE-009500,1598.9910828123018
TE-009501,2709.2687842377477
TE-009502,3280.772509726333
TE-009503,4225.336220203097
TE-009504,1544.8573697668785
TE-009505,3707.8260870195227
TE-009506,740.9824022328708
TE-009507,4474.409582696937
TE-009508,883.6940732734531
TE-009509,1295.9716243322382
TE-009510,3739.4097382615537
TE-009511,3344.393489780191
TE-009512,3044.5188457386316
TE-009513,1255.0436522462267
TE-009514,2594.304953319056
TE-009515,1331.4648358411882
TE-009516,805.370692006378
TE-009517,3364.836569311775
TE-009518,3248.9153830386667
TE-009519,1850.0574381755744
TE-009520,689.7874154767512
TE-009521,1512.9155884514757
TE-009522,3472.6082709613574
TE-009523,2528.2315184765316
TE-009524,1038.22133553413
TE-009525,6218.478092689172
TE-009526,2037.1294509478728
TE-009527,1452.1990414309726
TE-009528,2122.770885611275
TE-009529,831.2237729504691
TE-009530,593.0462025285542
TE-009531,1237.1628407256605
TE-009532,4248.012571466346
TE-009533,2080.3608160323256
TE-009534,854.5562657824119
TE-009535,2725.8893031104035
TE-009536,4194.621559540898
TE-009537,2280.0293641614458
TE-009538,1450.074311627989
TE-009539,836.5221234727444
TE-009540,2451.9931130781733
TE-009541,276.4820507694669
TE-009542,1957.321646304406
TE-009543,3989.4536829278163
TE-009544,4221.710642903577
TE-009545,2873.6413381812554
TE-009546,1907.4711824782853
TE-009547,2380.4746062928475
TE-009548,3528.4510155135868
TE-009549,3437.4672963966714
TE-009550,1544.9514135799498
TE-009551,2678.6563990334207
TE-009552,1512.0108369897662
TE-009553,4204.507284907112
TE-009554,5659.969823840336
TE-009555,1996.104402667514
TE-009556,4676.494794225845
TE-009557,239.26565553242813
TE-009558,4382.060833682571
TE-009559,359.8541794091673
TE-009560,1709.8825205615833
TE-009561,2434.0202841565806
TE-009562,1326.40484570059
TE-009563,901.660306217846
TE-009564,2704.945528365349
TE-009565,2289.904975660948
TE-009566,1466.6580687078538
TE-009567,2423.9728571304877
TE-009568,4271.714461115616
TE-009569,3715.6828953698778
TE-009570,648.4168910166668
TE-009571,879.520466716807
TE-009572,1347.2151081791608
TE-009573,3722.2875898362076
TE-009574,1954.3699169636143
TE-009575,829.2182648130361
TE-009576,1123.3145510882596
TE-009577,1457.531047475652
TE-009578,758.1363517152386
TE-009579,4844.345672892492
TE-009580,1096.9420925153274
TE-009581,4546.934567943729
TE-009582,1038.200385126051
TE-009583,2350.656298983553
TE-009584,258.4912296562443
TE-009585,1552.7903001497843
TE-009586,2200.4903934770828
TE-009587,784.7068043296356
TE-009588,1407.4997645639185
TE-009589,3088.58377483186
TE-009590,3930.2901667573215
TE-009591,2803.490376084354
TE-009592,901.207067099497
TE-009593,1512.8704004206281
TE-009594,2245.6591890090904
TE-009595,1607.3932689589642
TE-009596,3613.670963339663
TE-009597,2715.553742445635
TE-009598,1773.119898433411
TE-009599,3892.728315178787
TE-009600,2011.9871025591108
TE-009601,2170.250088376947
TE-009602,1966.7174628020268
TE-009603,492.71113489235904
TE-009604,4893.445997368506
TE-009605,4017.972724644887
TE-009606,4779.743130052168
TE-009607,1204.918923203284
TE-009608,3185.069065595115
TE-009609,1847.253732868979
TE-009610,3169.717339117799
TE-009611,924.1783009482256
TE-009612,3654.748403830292
TE-009613,3664.706367534269
TE-009614,2329.3644612631992
TE-009615,3461.563201633877
TE-009616,456.39591634862336
TE-009617,614.6833056478681
TE-009618,2328.319935852666
TE-009619,1095.4419193547171
TE-009620,1978.0731973451916
TE-009621,1542.752532288638
TE-009622,3476.7661015718736
TE-009623,2561.942743314685
TE-009624,3455.553168187394
TE-009625,1036.4760677305853
TE-009626,3499.472989279573
TE-009627,2199.551562842815
TE-009628,2034.658527946468
TE-009629,4167.938412193304
TE-009630,2721.911756103459
TE-009631,2212.474440100988
TE-009632,3315.135361255515
TE-009633,1628.1587012670416
TE-009634,2163.1452102222233
TE-009635,2165.1497347000613
TE-009636,1968.7229594557136
TE-009637,2127.3441918069407
TE-009638,2771.907946845543
TE-009639,1017.4395489772451
TE-009640,2012.642331587505
TE-009641,4038.42202502281
TE-009642,4921.831042478412
TE-009643,1359.4200825531325
TE-009644,612.2067831340305
TE-009645,3528.147034247358
TE-009646,1738.6280987426398
TE-009647,4922.515689810241
TE-009648,356.2156232403363
TE-009649,3296.4334054007068
TE-009650,3249.485419397467
TE-009651,1205.6627391694765
TE-009652,805.8709368165064
TE-009653,2076.4130818375247
TE-009654,1286.546345849881
TE-009655,2578.5473396311536
TE-009656,1590.5596838882027
TE-009657,2022.7845621413155
TE-009658,3666.341532509175
TE-009659,4320.58559340767
TE-009660,2733.0613883453157
TE-009661,1978.7926119108422
TE-009662,1714.5377668285305
TE-009663,1365.9648041637347
TE-009664,3452.904907990716
TE-009665,1565.3028860086406
TE-009666,5492.573418244125
TE-009667,3941.665678174004
TE-009668,3528.4835217739283
TE-009669,1413.9951409275945
TE-009670,563.4887899403791
TE-009671,1137.5442047529718
TE-009672,1967.6964027219844
TE-009673,608.93797489754
TE-009674,1870.7679548152992
TE-009675,2178.467230593852
TE-009676,2868.5690041309567
TE-009677,1121.7338821244157
TE-009678,2628.485674526436
TE-009679,826.965062839977
TE-009680,791.4355494274178
TE-009681,2487.4212045251124
TE-009682,5219.959093844829
TE-009683,4549.552829277077
TE-009684,2846.200833617433
TE-009685,1800.6891320251698
TE-009686,3111.343126228906
TE-009687,1246.4572954126747
TE-009688,1769.877277402469
TE-009689,3003.4316444685596
TE-009690,703.6473875857191
TE-009691,1120.94248360989
TE-009692,1080.9901102506296
TE-009693,3707.716934440912
TE-009694,3681.028608783083
TE-009695,2114.066945174989
TE-009696,2221.77303178815
TE-009697,2062.909192398949
TE-009698,2420.589870329619
TE-009699,511.77619913532044
TE-009700,3819.5019606531173
TE-009701,1981.3152624801921
TE-009702,4061.0886985665206
TE-009703,1355.5826393191223
TE-009704,4030.6220535862885
TE-009705,257.54363237188545
TE-009706,713.9903013256403
TE-009707,2166.0325714071205
TE-009708,2725.7492606424503
TE-009709,2916.8634129284737
TE-009710,1583.802202452176
TE-009711,459.8785179463025
TE-009712,2106.2379717696676
TE-009713,2087.3993822526263
TE-009714,1559.066530083735
TE-009715,4371.585132234601
TE-009716,1456.6841913202998
TE-009717,2475.7337348714836
TE-009718,5973.511997424943
TE-009719,1095.8624573833426
TE-009720,2482.713046970326
TE-009721,3877.3023710518214
TE-009722,974.6817719617138
TE-009723,3919.907023325196
TE-009724,2357.821660222741
TE-009725,4072.2546148260226
TE-009726,1231.0658977711698
TE-009727,1165.4340460403378
TE-009728,809.7570742636635
TE-009729,2409.352868840668
TE-009730,3291.813470908067
TE-009731,3993.27590686402
TE-009732,2860.557049216101
TE-009733,2438.35178961534
TE-009734,1610.475432771077
TE-009735,3434.6528809442234
TE-009736,4674.018010479147
TE-009737,2532.8762020896106
TE-009738,4023.5706547070577
TE-009739,901.4739548114671
TE-009740,4891.488203893518
TE-009741,2009.85911042025
TE-009742,1549.8463552255314
TE-009743,959.2805100802689
TE-009744,276.6395371937665
TE-009745,834.7318781804222
TE-009746,1339.6650664704011
TE-009747,1193.232050452114
TE-009748,1215.1526632521259
TE-009749,2717.934127278286
TE-009750,2587.521942657426
TE-009751,1496.8281529174938
TE-009752,1212.0611131448507
TE-009753,537.5096918505808
TE-009754,4272.906559612346
TE-009755,808.1252072489731
TE-009756,2312.570165069205
TE-009757,4099.838279299465
TE-009758,2111.0684113532407
TE-009759,2108.7014323974086
TE-009760,1745.4819581152028
TE-009761,1845.9024414035223
TE-009762,2378.539356171068
TE-009763,5474.175086925714
TE-009764,2269.490251103965
TE-009765,2417.586366257382
TE-009766,1876.662486161701
TE-009767,1756.5225308155325
TE-009768,1330.4388639932677
TE-009769,749.5122101380528
TE-009770,2637.628891769732
TE-009771,854.9753888592163
TE-009772,4913.4886048499175
TE-009773,1578.3014343168152
TE-009774,2555.5071833273173
TE-009775,4809.65382230459
TE-009776,4745.212917782035
TE-009777,1356.7709247299053
TE-009778,1539.3409126367042
TE-009779,5717.882035156205
TE-009780,814.0965019715941
TE-009781,3946.051018236072
TE-009782,2432.1975764829745
TE-009783,846.219064663984
TE-009784,4436.364411513101
TE-009785,2119.2622113413117
TE-009786,3432.0512406301477
TE-009787,3238.3627221454185
TE-009788,2610.8267051548
TE-009789,4304.111042718268
TE-009790,811.6748203691409
TE-009791,1989.5661314090294
TE-009792,1978.970392796253
TE-009793,434.4767507780389
TE-009794,1386.5343493152327
TE-009795,3796.837550069893
TE-009796,1510.5606728032935
TE-009797,794.6908458194123
TE-009798,4494.21404834828
TE-009799,2843.4071573502997
TE-009800,2170.8637763132074
TE-009801,1088.1007232152256
TE-009802,4889.406678615762
TE-009803,680.6183596450496
TE-009804,1547.52937214126
TE-009805,2336.6603352496586
TE-009806,1311.6673373723174
TE-009807,1795.4641349814412
TE-009808,1117.0397845042753
TE-009809,5640.341667692319
TE-009810,2853.923219966094
TE-009811,731.0661476787084
TE-009812,2272.4336868665523
TE-009813,3729.278628882509
TE-009814,1392.727819168915
TE-009815,2430.039742689557
TE-009816,1282.9660995992049
TE-009817,1290.5030703607376
TE-009818,1706.5198414594074
TE-009819,1424.922678247361
TE-009820,3461.1383250013187
TE-009821,391.2731394907637
TE-009822,1528.8034210753358
TE-009823,974.9321279673013
TE-009824,1348.8094816831708
TE-009825,2281.2754091486836
TE-009826,1488.0679443906033
TE-009827,308.2575735103817
TE-009828,2995.394902633658
TE-009829,1533.4133000906504
TE-009830,2043.4849711017155
TE-009831,795.1373678238424
TE-009832,5360.401201405284
TE-009833,1568.0407783938088
TE-009834,5592.877503123904
TE-009835,1036.9978499767622
TE-009836,1645.1697308924606
TE-009837,3530.8104551520973
TE-009838,1538.6255758049308
TE-009839,752.7164009131573
TE-009840,5204.47134740358
TE-009841,1308.0831031701555
TE-009842,3845.9334292937197
TE-009843,841.3387555990125
TE-009844,4420.227459572439
TE-009845,1982.4275385836697
TE-009846,2154.7374872047176
TE-009847,1409.0056899562019
TE-009848,1607.5248790536316
TE-009849,4655.95589422811
TE-009850,4083.039761778372
TE-009851,791.5777693582593
TE-009852,2871.729789760784
TE-009853,2598.77150789142
TE-009854,3715.67672178501
TE-009855,1984.5074583786068
TE-009856,2289.3325910814583
TE-009857,1263.4765739433328
TE-009858,4203.846472115611
TE-009859,1029.1904118758289
TE-009860,4276.362224612163
TE-009861,984.0044067514709
TE-009862,3949.171770411672
TE-009863,1116.4201187227818
TE-009864,1541.712192766017
TE-009865,1455.2646804508
TE-009866,3154.125852629947
TE-009867,1998.8254541298193
TE-009868,2348.040429936376
TE-009869,1582.544898360309
TE-009870,2688.343767180609
TE-009871,5464.483906257712
TE-009872,5143.015257137909
TE-009873,1810.7709633137215
TE-009874,739.7403646341515
TE-009875,1513.716908678975
TE-009876,3572.7977260289954
TE-009877,2991.532384541007
TE-009878,1415.7291209067253
TE-009879,5463.368810835207
TE-009880,4374.5728321688675
TE-009881,915.7571076795375
TE-009882,1187.1335268372666
TE-009883,2449.177535683828
TE-009884,2088.937747849731
TE-009885,741.1689708413307
TE-009886,1615.4411061100175
TE-009887,998.0887136016363
TE-009888,3569.2318251240004
TE-009889,4319.2266082440965
TE-009890,1330.7264579581747
TE-009891,4207.780604807081
TE-009892,1125.3436998156362
TE-009893,3907.9306023052077
TE-009894,2374.993510992298
TE-009895,4261.231161774717
TE-009896,1558.5754292787528
TE-009897,1638.351769659973
TE-009898,4609.489075711413
TE-009899,2917.6186696841996
TE-009900,834.2220782398515
TE-009901,1106.5828805636731
TE-009902,2499.4319673386035
TE-009903,1102.8632908148097
TE-009904,2719.306536863469
TE-009905,1216.1274873530474
TE-009906,1703.4810062063416
TE-009907,1804.1319175076278
TE-009908,1909.2102226139575
TE-009909,3154.6367103344355
TE-009910,1387.9843610596445
TE-009911,3149.592281389567
TE-009912,866.0411180341873
TE-009913,3085.73698793264
TE-009914,2804.816074379101
TE-009915,4098.080622601071
TE-009916,313.41171006610443
TE-009917,2476.3675897406315
TE-009918,2508.499947291312
TE-009919,1342.384970258896
TE-009920,1847.1330626524655
TE-009921,1841.725645879993
TE-009922,2974.276228804614
TE-009923,4207.825969852023
TE-009924,1153.0240581313014
TE-009925,1749.7020606872939
TE-009926,4096.267974607948
TE-009927,1477.8398715855747
TE-009928,758.0553669420958
TE-009929,3250.5095322987786
TE-009930,1311.2058829491789
TE-009931,3047.3589654268026
TE-009932,1404.0988978908417
TE-009933,4646.650749146566
TE-009934,5448.960353164466
TE-009935,1216.1578386291224
TE-009936,852.8223442746282
TE-009937,1253.7273427156651
TE-009938,1522.8816468690297
TE-009939,765.7163950656859
TE-009940,2679.3011435718863
TE-009941,2798.6234713638387
TE-009942,1758.6453726565335
TE-009943,1597.9941664729502
TE-009944,496.3981653302419
TE-009945,1343.8967395679656
TE-009946,2186.616166066619
TE-009947,1450.4455591807434
TE-009948,4238.699625541576
TE-009949,5694.053721929633
TE-009950,4154.343717261725
TE-009951,3371.571723076763
TE-009952,820.6225520580319
TE-009953,3597.621295420551
TE-009954,995.0499614388561
TE-009955,1163.532674594892
TE-009956,6106.192821266623
TE-009957,1189.2671332341497
TE-009958,6067.9929370628615
TE-009959,5816.248129569268
TE-009960,3710.5642124035817
TE-009961,4382.539820171787
TE-009962,1649.1051106329815
TE-009963,1086.9935573035655
TE-009964,2568.13807293084
TE-009965,985.068326073183
TE-009966,2989.4511667075135
TE-009967,2757.307767801942
TE-009968,4753.595426426264
TE-009969,2000.2987004035213
TE-009970,2117.7158773674823
TE-009971,1696.7781021580997
TE-009972,2714.9331523246638
TE-009973,3062.2368028132682
TE-009974,1014.8083938794481
TE-009975,3789.341820215913
TE-009976,2109.2811037070232
TE-009977,1826.543670597734
TE-009978,1555.5873977289884
TE-009979,558.5977292103807
TE-009980,2190.1599091212615
TE-009981,3191.6213506823124
TE-009982,1387.3333681309236
TE-009983,707.6347002890368
TE-009984,4027.140014525816
TE-009985,2011.242732753629
TE-009986,1736.8427433641837
TE-009987,2059.0191403397484
TE-009988,2808.977915934715
TE-009989,3549.6636743002255
TE-009990,1023.2047911740966
TE-009991,3628.9973434362973
TE-009992,4345.220578952832
TE-009993,1979.3606364980042
TE-009994,1012.9153027990252
TE-009995,2139.333126308671
TE-009996,2549.4018176075124
TE-009997,1653.3071759707732
TE-009998,1610.3745915012662
TE-009999,1908.6384619342466
TE-010000,2170.8666221303897
TE-010001,1700.7899651428152
TE-010002,3228.034330722776
TE-010003,4444.625521936546
TE-010004,1731.6461981556577
TE-010005,2647.5847475018754
TE-010006,1008.3649971143554
TE-010007,2291.841294076857
TE-010008,1440.3922343270415
TE-010009,3097.1525901879404
TE-010010,1569.0436940457807
TE-010011,3920.708218979051
TE-010012,1713.1623940437144
TE-010013,2349.0254552209076
TE-010014,993.4915099688119
TE-010015,1760.3811352365876
TE-010016,3284.975623974914
TE-010017,3549.715867518232
TE-010018,1400.8476399870412
TE-010019,3495.7195587159977
TE-010020,2066.5526756708614
TE-010021,2299.4611740044224
TE-010022,3200.9587188733767
TE-010023,2029.1597882362726
TE-010024,1936.9463504834016
TE-010025,2777.4873445547837
TE-010026,4770.971714256561
TE-010027,1383.784637681913
TE-010028,674.7618828834402
TE-010029,4762.552302058861
TE-010030,1960.100710639491
TE-010031,935.5933614625492
TE-010032,1161.2615189453838
TE-010033,5273.707030617239
TE-010034,871.0524264005824
TE-010035,3598.535832566493
TE-010036,3477.8166868686308
TE-010037,3697.490817811419
TE-010038,4394.567793356754
TE-010039,2056.481651259574
TE-010040,1112.365283578321
TE-010041,1108.039360092674
TE-010042,5664.546129380077
TE-010043,2342.825679999028
TE-010044,2159.6872519936187
TE-010045,2554.016097406782
TE-010046,2661.1319585159804
TE-010047,4111.302947161255
TE-010048,3525.8722871450436
TE-010049,894.6055204283193
TE-010050,291.2948732492034
TE-010051,3257.105088936509
TE-010052,697.9958321350446
TE-010053,3613.8738585078363
TE-010054,1792.976734969296
TE-010055,4006.845423390876
TE-010056,574.8406143484169
TE-010057,4485.401375033211
TE-010058,2450.2910084683467
TE-010059,3313.7559960133894
TE-010060,3604.3569341883076
TE-010061,999.2904580153729
TE-010062,1199.6318244028957
TE-010063,5445.614647213012
TE-010064,5827.863367835462
TE-010065,697.005370570133
TE-010066,1476.7527005968727
TE-010067,1734.2840239670359
TE-010068,592.5671149111151
TE-010069,2226.4030841969297
TE-010070,887.1911687415839
TE-010071,968.6748294528818
TE-010072,430.9731928104202
TE-010073,1066.1363773013168
TE-010074,1369.9744182556487
TE-010075,666.7296328109235
TE-010076,1177.9672762699715
TE-010077,1401.282665108176
TE-010078,3811.835443543379
TE-010079,2288.4645554635035
TE-010080,1266.691660416866
TE-010081,3510.829176073577
TE-010082,2234.413551740986
TE-010083,1455.264186878048
TE-010084,1890.3841752606122
TE-010085,1232.2210551082878
TE-010086,1649.093520704117
TE-010087,5068.123367344031
TE-010088,2185.197283725905
TE-010089,5387.908012385614
TE-010090,1255.7895235286314
TE-010091,5950.872656109677
TE-010092,1181.6338452315367
TE-010093,3881.463709337037
TE-010094,3900.157044379114
TE-010095,1775.1311784186698
TE-010096,602.6198313793434
TE-010097,3909.1502477137938
TE-010098,4963.909797082919
TE-010099,4426.864254293667
TE-010100,824.4584960275754
TE-010101,3206.092389961853
TE-010102,1094.8911149770167
TE-010103,1876.692052135972
TE-010104,4748.478678168043
TE-010105,4181.841639908311
TE-010106,340.7381334271108
TE-010107,3204.8657617071367
TE-010108,1070.970072444973
TE-010109,830.3716176297064
TE-010110,5621.054517034456
TE-010111,2598.023838818361
TE-010112,6065.93584593253
TE-010113,2968.782603235138
TE-010114,2067.349771479248
TE-010115,3664.2038139029573
TE-010116,1657.0627279470013
TE-010117,805.8286144720271
TE-010118,1190.0578333225894
TE-010119,1996.2695532502387
TE-010120,2806.6735642338194
TE-010121,1762.8872218217382
TE-010122,3039.857978689886
TE-010123,1372.594109386213
TE-010124,1196.0593911394078
TE-010125,1271.653567325671
TE-010126,1040.6735950826373
TE-010127,601.5344947340334
TE-010128,2881.7638104118532
TE-010129,3389.866979100005
TE-010130,3034.9453828020223
TE-010131,771.0687854521711
TE-010132,2190.432540524386
TE-010133,3585.8111682514736
TE-010134,4810.642033454742
TE-010135,3093.2467892420896
TE-010136,631.0867393020005
TE-010137,4612.3471724874635
TE-010138,1105.9412763648918
TE-010139,3838.287641545583
TE-010140,1736.2454416585067
TE-010141,2597.371764132042
TE-010142,2198.874421268215
TE-010143,2018.780130125566
TE-010144,3065.968765527393
TE-010145,2183.13794454871
TE-010146,2171.707292587425
TE-010147,3705.0365245254043
TE-010148,2560.8134473390674
TE-010149,1597.7866627665003
TE-010150,1325.277264584401
TE-010151,423.84864834720315
TE-010152,1317.0597279646881
TE-010153,622.1549615189538
TE-010154,2815.7652263009977
TE-010155,2942.6406096567257
TE-010156,1459.8634807658582
TE-010157,2147.891290776152
TE-010158,2550.913436811057
TE-010159,870.9027393169672
TE-010160,2302.0931955061105
TE-010161,4214.509070854776
TE-010162,545.2411733640786
TE-010163,3104.330540892667
TE-010164,1431.2955782276854
TE-010165,2076.975735080972
TE-010166,3677.421369442276
TE-010167,775.1138642982587
TE-010168,1130.9550923944307
TE-010169,1385.6699267723588
TE-010170,2614.210984385008
TE-010171,1853.3416041656837
TE-010172,2919.484522875763
TE-010173,1462.7194250544342
TE-010174,789.2614215659053
TE-010175,1120.0438155485929
TE-010176,2331.136220902092
TE-010177,2699.933295929195
TE-010178,1149.7913109935562
TE-010179,1229.7627984249966
TE-010180,4963.927766806254
TE-010181,5033.096210207481
TE-010182,3937.3446971094295
TE-010183,3286.778357050438
TE-010184,1307.8046328732948
TE-010185,1419.8287557348117
TE-010186,2096.409641455924
TE-010187,979.2733344156684
TE-010188,2921.2505226718886
TE-010189,1335.466445988061
TE-010190,1191.5080907220422
TE-010191,3191.868509479041
TE-010192,2108.1435147938014
TE-010193,1910.926982424838
TE-010194,1072.5445192756765
TE-010195,4795.99396463415
TE-010196,4672.832470524044
TE-010197,4501.512578732931
TE-010198,3001.7222059602705
TE-010199,2143.8485508165595
TE-010200,936.2230985503973
TE-010201,5450.325031909761
TE-010202,2010.485794923093
TE-010203,2250.4362986509973
TE-010204,815.3885256674673
TE-010205,1586.6095917528469
TE-010206,1729.0475586439015
TE-010207,1977.2747496277116
TE-010208,3410.0445187757277
TE-010209,2656.8605732664973
TE-010210,5037.994524678657
TE-010211,929.3560362010649
TE-010212,1706.1634400329071
TE-010213,4912.14556603068
TE-010214,3745.6975208556396
TE-010215,3212.857932868884
TE-010216,2855.1007106806323
TE-010217,513.2061213508721
TE-010218,2258.76401786152
TE-010219,5033.062848818176
TE-010220,2543.018057951909
TE-010221,571.1504449374916
TE-010222,1593.7062235593899
TE-010223,3767.6551674874
TE-010224,907.9725616725163
TE-010225,1957.5176100302024
TE-010226,1626.702165830196
TE-010227,1533.3086669453958
TE-010228,815.1743999977973
TE-010229,5465.463847676236
TE-010230,4047.6816247022325
TE-010231,1214.0623593255796
TE-010232,2792.769701352928
TE-010233,3251.8123073083707
TE-010234,3312.7443723622164
TE-010235,1902.4842343530051
TE-010236,1657.966647908648
TE-010237,3876.9279570755675
TE-010238,3570.172279858789
TE-010239,2089.0067197649378
TE-010240,2583.899841392008
TE-010241,4518.527384362715
TE-010242,1790.0689751169364
TE-010243,3355.8953864158457
TE-010244,2248.851422469404
TE-010245,1382.8707833443123
TE-010246,2602.0370564383993
TE-010247,1794.3152320505947
TE-010248,4597.9754139772085
TE-010249,4430.022560090056
TE-010250,1102.9882541885227
TE-010251,3860.3944627064097
TE-010252,3702.740610913678
TE-010253,2615.4261738327727
TE-010254,285.37321543147004
TE-010255,3822.3536880494185
TE-010256,3327.0974362381708
TE-010257,3260.1149522758824
TE-010258,1830.3372993553558
TE-010259,2980.5621968838273
TE-010260,853.6324434778553
TE-010261,3417.8017615270237
TE-010262,2216.089036167923
TE-010263,4774.3721116243305
TE-010264,2324.5781106256645
TE-010265,3942.970671104088
TE-010266,4124.79027121729
TE-010267,5228.401660570207
TE-010268,1657.9051675952903
TE-010269,3910.9245890150305
TE-010270,898.6030818182712
TE-010271,1900.9006101034722
TE-010272,2578.6989947239704
TE-010273,2720.2715064468443
TE-010274,5322.210837745972
TE-010275,4133.740659506951
TE-010276,2512.9041108289002
TE-010277,3222.875195502942
TE-010278,3861.27666650613
TE-010279,3951.550969759109
TE-010280,894.4632098969957
TE-010281,1209.814698633057
TE-010282,1623.5523526235145
TE-010283,3390.572919354089
TE-010284,4981.454100698641
TE-010285,934.1019667813287
TE-010286,2016.6263724933935
TE-010287,702.5376392113021
TE-010288,1898.930595073403
TE-010289,932.0037022097599
TE-010290,3845.067685596984
TE-010291,1761.3788330091625
TE-010292,3098.328530093946
TE-010293,2744.288802793837
TE-010294,2769.7010994662623
TE-010295,845.8646881516279
TE-010296,596.537910366407
TE-010297,1210.0644742010418
TE-010298,818.7799425406567
TE-010299,1838.1643633130107
TE-010300,1701.7813735653865
TE-010301,2087.2853994550974
TE-010302,1635.2807657420371
TE-010303,3002.1733664562994
TE-010304,1618.9873092031432
TE-010305,1210.973282618918
TE-010306,1175.57344088942
TE-010307,1082.2789143876087
TE-010308,4427.628983669921
TE-010309,1670.7118959476786
TE-010310,2502.34923648651
TE-010311,4057.944392867368
TE-010312,3347.809270928641
TE-010313,3700.4684248067865
TE-010314,1435.7901858515897
TE-010315,1412.7753108320326
TE-010316,2460.933255627491
TE-010317,1372.4452704238997
TE-010318,1877.6521266313018
TE-010319,663.4544006504314
TE-010320,1611.9789691216079
TE-010321,1312.60599897956
TE-010322,5099.543381136797
TE-010323,1085.6268501158147
TE-010324,3915.2698850136785
TE-010325,614.5266211175322
TE-010326,1753.330269018168
TE-010327,3272.0485821974244
TE-010328,2136.179417815274
TE-010329,1617.431922055282
TE-010330,3090.2841694579174
TE-010331,2642.116570935117
TE-010332,479.7774674677364
TE-010333,4500.061850441965
TE-010334,4226.688309191582
TE-010335,689.166000461415
TE-010336,4945.721561587766
TE-010337,3640.799026601351
TE-010338,3780.432377865279
TE-010339,2259.7064843986977
TE-010340,5499.259133916561
TE-010341,1880.7165071150985
TE-010342,2171.7558271038406
TE-010343,3730.3548748876005
TE-010344,1537.8952906804827
TE-010345,2410.4639883525765
TE-010346,1032.9193888530572
TE-010347,1134.5367534579152
TE-010348,2249.7708812993033
TE-010349,3872.426632749726
TE-010350,1646.325397856357
TE-010351,902.8164277890412
TE-010352,1719.2520561608972
TE-010353,1851.0400361105385
TE-010354,273.6397200736658
TE-010355,1000.528413059091
TE-010356,1308.130027524332
TE-010357,906.4738481356064
TE-010358,1331.8110108478727
TE-010359,1629.1505776123602
TE-010360,3891.1014640036046
TE-010361,5068.48713400286
TE-010362,3451.6410789566025
TE-010363,528.3276637948061
TE-010364,2216.8258832103897
TE-010365,3610.006504300612
TE-010366,2616.0564992794607
TE-010367,1872.980040443167
TE-010368,1847.5108638079441
TE-010369,5293.573636006917
TE-010370,3812.916588733793
TE-010371,4606.550995463275
TE-010372,2133.0523317411935
TE-010373,1968.2780787272077
TE-010374,1929.3830397905099
TE-010375,2125.90825863749
TE-010376,1182.3502506564882
TE-010377,432.0341416791932
TE-010378,2153.5406574367735
TE-010379,718.0783914094345
TE-010380,4031.510308359031
TE-010381,1790.3026051136048
TE-010382,2269.261320868797
TE-010383,868.4907896435902
TE-010384,3253.0537862189813
TE-010385,1188.4345449088155
TE-010386,1542.0452664476054
TE-010387,1276.2235473725977
TE-010388,680.2032052309287
TE-010389,1118.8560796583415
TE-010390,1075.8758408036977
TE-010391,1009.4524226821384
TE-010392,1470.7698558824409
TE-010393,4399.071838891278
TE-010394,3315.883819943104
TE-010395,2526.4668021370044
TE-010396,368.3022081932297
TE-010397,3427.517975534619
TE-010398,719.097973362432
TE-010399,708.91255917445
TE-010400,2418.1379901432792
TE-010401,2258.103499466165
TE-010402,1432.4026770279015
TE-010403,2581.314229767191
TE-010404,943.5749509036232
TE-010405,1273.059120306716
TE-010406,1067.9788923396359
TE-010407,1649.6804510774803
TE-010408,5516.46545143653
TE-010409,4017.7785290526936
TE-010410,3634.62858164359
TE-010411,2183.2335710880448
TE-010412,2021.949498141782
TE-010413,1286.1274996712286
TE-010414,1499.6532841874796
TE-010415,2153.497601193861
TE-010416,969.9994238976549
TE-010417,1807.824246782544
TE-010418,1490.079969290719
TE-010419,2525.6391935714373
TE-010420,998.4203947762458
TE-010421,1773.6255421895312
TE-010422,1065.294953868317
TE-010423,842.0000453186415
TE-010424,1008.0804751233925
TE-010425,1545.4101027468134
TE-010426,590.0776646745933
TE-010427,1096.4442565906988
TE-010428,3985.142026769572
TE-010429,2060.855016401602
TE-010430,5080.182053506458
TE-010431,2429.673999757432
TE-010432,3668.6642926113873
TE-010433,1903.2744660567528
TE-010434,1537.2167085979763
TE-010435,3672.7784776986637
TE-010436,3947.390807104537
TE-010437,1021.5593270111755
TE-010438,636.848540955327
TE-010439,3573.5456725461163
TE-010440,2546.0894379653723
TE-010441,882.595392207216
TE-010442,1878.4813872457196
TE-010443,3167.995015794826
TE-010444,3300.5055617954563
TE-010445,1992.356157147659
TE-010446,1299.3227743494226
TE-010447,1744.3466976423174
TE-010448,1584.8893917275327
TE-010449,5309.273577537822
TE-010450,1842.4822554775844
TE-010451,3436.1777592119897
TE-010452,1626.8205285884387
TE-010453,1781.5598594952894
TE-010454,3096.754284628657
TE-010455,1626.844871513995
TE-010456,972.7268944390082
TE-010457,2826.936576462066
TE-010458,1663.7165018755509
TE-010459,1325.1837470520134
TE-010460,1927.9533191892046
TE-010461,3828.9822828475
TE-010462,4429.744226493979
TE-010463,2602.9159047599696
TE-010464,3556.275908386787
TE-010465,1273.484681109231
TE-010466,1740.2413100009298
TE-010467,1799.0201523209919
TE-010468,1504.9014440129963
TE-010469,2569.193661785911
TE-010470,2318.477641595284
TE-010471,967.7807358761868
TE-010472,1022.8984055271404
TE-010473,3452.6927955059587
TE-010474,1564.572324538706
TE-010475,1002.9922862092935
TE-010476,1503.0860922140423
TE-010477,2248.623002223516
TE-010478,3832.3744789547063
TE-010479,5587.802424712681
TE-010480,3565.6591862920914
TE-010481,4925.081790475974
TE-010482,3827.9776846290088
TE-010483,3645.512411696762
TE-010484,2720.134403776528
TE-010485,1797.1414442571977
TE-010486,2122.6882222433646
TE-010487,1928.6322150760118
TE-010488,5020.573985198855
TE-010489,4713.403299457782
TE-010490,865.0360605947951
TE-010491,1117.9041924775502
TE-010492,3512.167178471036
TE-010493,1827.3996775637522
TE-010494,2423.296785255257
TE-010495,641.6114567618217
TE-010496,3591.6183294415227
TE-010497,937.0549832953454
TE-010498,243.41441905678744
TE-010499,3195.6364646756538
TE-010500,825.4467376655637
TE-010501,4735.276667547443
TE-010502,3711.89291716079
TE-010503,538.4959739703263
TE-010504,1091.7032133485313
TE-010505,3674.730201858689
TE-010506,2114.231154804796
TE-010507,2440.991805767986
TE-010508,1680.429892848287
TE-010509,1838.7161498930668
TE-010510,4147.381434137382
TE-010511,1740.653174118249
TE-010512,3905.9857521963095
TE-010513,1674.4500817750477
TE-010514,667.5619590200542
TE-010515,3629.8671453876104
TE-010516,3614.4467802522286
TE-010517,2125.552067381364
TE-010518,2414.622390180472
TE-010519,1631.2533792473337
TE-010520,1660.6687375534655
TE-010521,207.24674292779628
TE-010522,1235.0960472513348
TE-010523,3821.472681880927
TE-010524,1325.6840473563116
TE-010525,2584.1303217965533
TE-010526,819.9319932123874
TE-010527,928.0815776736961
TE-010528,2123.7281196706567
TE-010529,1846.751938038332
TE-010530,4424.789375299426
TE-010531,1552.7566488643915
TE-010532,1160.7988413173005
TE-010533,803.7667840452984
TE-010534,3016.7618122545027
TE-010535,3652.7785047205703
TE-010536,1728.6325755685127
TE-010537,461.7374214827598
TE-010538,751.5297980206485
TE-010539,1969.2291001993663
TE-010540,4045.8579005050715
TE-010541,2655.2388773444204
TE-010542,3182.7426681365414
TE-010543,4046.7013558990884
TE-010544,2711.853277624231
TE-010545,1876.955662468884
TE-010546,993.8747518596481
TE-010547,1366.619405591092
TE-010548,4226.420994362682
TE-010549,2085.0250031691944
TE-010550,1888.513944526961
TE-010551,1772.2783147861637
TE-010552,3896.587348640372
TE-010553,3135.768555170207
TE-010554,3210.6784953862134
TE-010555,1760.9970675981372
TE-010556,3784.979482801641
TE-010557,1506.0869281070436
TE-010558,2049.0003701124024
TE-010559,3951.137956221837
TE-010560,5622.890013922222
TE-010561,5465.096791538275
TE-010562,2554.4653305448755
TE-010563,3913.583045320943
TE-010564,1421.7977419037798
TE-010565,797.8175555037315
TE-010566,1617.9759638887845
TE-010567,1910.936304798822
TE-010568,1996.9772041812869
TE-010569,606.4302665476507
TE-010570,3653.7827834976633
TE-010571,1660.4918529408808
TE-010572,3889.509567285976
TE-010573,2752.711656197576
TE-010574,490.40660913592205
TE-010575,1958.5398365071208
TE-010576,4083.748333347255
TE-010577,861.7642527670503
TE-010578,3500.8034770228446
TE-010579,4225.679960713657
TE-010580,1174.5983568088213
TE-010581,1820.6401473053425
TE-010582,1259.4544312649618
TE-010583,3696.230015930553
TE-010584,626.6353042123694
TE-010585,4524.908955889867
TE-010586,755.3180218001453
TE-010587,796.8226471993762
TE-010588,2970.9937247617904
TE-010589,2429.0154723183987
TE-010590,1979.3326158465595
TE-010591,1753.375100424963
TE-010592,1908.5831154561638
TE-010593,4843.48384539516
TE-010594,4310.891830479883
TE-010595,3013.6823237360877
TE-010596,6007.249338501467
TE-010597,2298.793284770123
TE-010598,4718.8145532702765
TE-010599,5155.712650278339
TE-010600,2099.1849698878623
TE-010601,1373.7743669529495
TE-010602,4027.850974004208
TE-010603,1245.6882898481506
TE-010604,1867.243153215856
TE-010605,3168.8288347206258
TE-010606,1695.385117833445
TE-010607,3213.32810008287
TE-010608,3826.2916698099616
TE-010609,4210.5048200880365
TE-010610,2947.7927182740164
TE-010611,1016.0804331346958
TE-010612,3573.6219511043346
TE-010613,1448.9095445968248
TE-010614,4783.755721701743
TE-010615,1632.7395606949121
TE-010616,5404.050291573152
TE-010617,3248.733810347917
TE-010618,2017.9295425276398
TE-010619,1506.8543827779065
TE-010620,3584.76647728412
TE-010621,2821.396821798223
TE-010622,1780.4702661699416
TE-010623,1412.9626487954386
TE-010624,986.0463340491749
TE-010625,3758.114671116725
TE-010626,2152.204584260921
TE-010627,4313.3943651400305
TE-010628,3857.1785711150524
TE-010629,3058.782243019864
TE-010630,1090.6426998358838
TE-010631,1072.2745291559054
TE-010632,1281.9892790651124
TE-010633,1810.2774896315775
TE-010634,1261.9220003423611
TE-010635,1170.2746768532816
TE-010636,4366.467847670272
TE-010637,4418.889091139008
TE-010638,2520.1875474153376
TE-010639,4454.638683179708
TE-010640,2972.0899343948713
TE-010641,1376.5608952676544
TE-010642,782.5748594538463
TE-010643,4563.023971502938
TE-010644,3405.626062615923
TE-010645,1447.4224849578259
TE-010646,2294.256405776493
TE-010647,1232.4359063094607
TE-010648,4558.376156463244
TE-010649,2260.969582546078
TE-010650,988.8724001346741
TE-010651,4198.123752957654
TE-010652,994.1829123873979
TE-010653,1089.6094653719897
TE-010654,2394.3916839345543
TE-010655,1070.8549928760267
TE-010656,1436.6827922857033
TE-010657,1604.658285602523
TE-010658,2917.642304519572
TE-010659,1273.8590855293676
TE-010660,4141.234569444105
TE-010661,3264.1998200371845
TE-010662,1157.4473883100077
TE-010663,3939.293747164432
TE-010664,784.9133454848068
TE-010665,5437.518706937308
TE-010666,3662.5507809137216
TE-010667,1673.1804499946413
TE-010668,1282.5246189482023
TE-010669,2666.1468808358222
TE-010670,5289.548582168904
TE-010671,801.2662375870402
TE-010672,903.476632804907
TE-010673,5354.777378212566
TE-010674,1022.1078724505988
TE-010675,2564.2716842889413
TE-010676,303.3009169229474
TE-010677,308.47819600572666
TE-010678,529.5078602244303
TE-010679,1080.07024867919
TE-010680,3702.501220268584
TE-010681,1808.6400595222397
TE-010682,3011.295374682377
TE-010683,575.1182897908132
TE-010684,540.9780339147517
TE-010685,2975.586264668944
TE-010686,1822.023595936243
TE-010687,867.7433658197456
TE-010688,2893.4219789959034
TE-010689,1265.6857126029354
TE-010690,1471.097428919732
TE-010691,4565.200643625965
TE-010692,4907.827506751583
TE-010693,3221.399469314136
TE-010694,2596.6784222382594
TE-010695,2033.065699611595
TE-010696,1693.9376552178276
TE-010697,1402.3558426271366
TE-010698,2933.795696324109
TE-010699,4035.562754133034
TE-010700,5228.757680655843
TE-010701,1144.7870814724088
TE-010702,5070.086225510962
TE-010703,3327.3949552378162
TE-010704,1000.4880722341413
TE-010705,1644.3190975182893
TE-010706,2777.744567264684
TE-010707,1425.3813281034422
TE-010708,5766.745844097266
TE-010709,3693.2113415830045
TE-010710,2219.6820117049488
TE-010711,3227.418495938752
TE-010712,3984.891804107964
TE-010713,2490.338752349024
TE-010714,1711.6664643995418
TE-010715,919.3698546142434
TE-010716,2700.7542787058433
TE-010717,2977.6313158592525
TE-010718,1307.1791799025123
TE-010719,930.3447229732958
TE-010720,3110.1508232111782
TE-010721,5243.6197859456715
TE-010722,4072.1723686617797
TE-010723,1821.1826244500526
TE-010724,1086.2220944506687
TE-010725,1178.4211354586855
TE-010726,1301.340609030462
TE-010727,5119.164775538722
TE-010728,3725.9850532768623
TE-010729,4588.3603722215275
TE-010730,659.1329518890061
TE-010731,1247.7707893891802
TE-010732,873.2514373704294
TE-010733,4992.786252945496
TE-010734,3269.048695773219
TE-010735,620.5720142524558
TE-010736,2035.1294499709925
TE-010737,3780.0953215355084
TE-010738,1191.3275453160272
TE-010739,2324.464525683052
TE-010740,2225.0626998110693
TE-010741,1042.7877175385702
TE-010742,2453.505013450369
TE-010743,2268.433383631822
TE-010744,3104.6215926904974
TE-010745,1667.0256727193996
TE-010746,3738.188544389862
TE-010747,1361.333967003234
TE-010748,3227.606984415042
TE-010749,5782.381840692382
TE-010750,4614.091964958834
TE-010751,1580.8143409219413
TE-010752,3693.019729640274
TE-010753,4910.209316040986
TE-010754,1591.1040923129708
TE-010755,2841.505454707505
TE-010756,1612.42545921411
TE-010757,4326.81758759373
TE-010758,2193.575502093565
TE-010759,2052.7558840897477
TE-010760,3055.022295108015
TE-010761,2054.9820787924687
TE-010762,3861.9477740073044
TE-010763,5599.646255752845
TE-010764,2862.425736146314
TE-010765,1181.940641811571
TE-010766,6319.465463353067
TE-010767,3489.2896099374875
TE-010768,3196.188933703368
TE-010769,1429.3744616495414
TE-010770,1051.9247827075556
TE-010771,3563.735491759952
TE-010772,2122.885138379631
TE-010773,4346.818545922502
TE-010774,1640.7149913785013
TE-010775,3789.7677299865163
TE-010776,4029.302813240949
TE-010777,2701.823601991092
TE-010778,3866.0538247846443
TE-010779,2424.820926957816
TE-010780,1839.0010134841802
TE-010781,1430.954879965098
TE-010782,5694.49413455107
TE-010783,363.106892941714
TE-010784,1419.9905937872672
TE-010785,4404.696965724309
TE-010786,961.7567660381658
TE-010787,3742.7343002709845
TE-010788,4157.032624430623
TE-010789,965.4010890685431
TE-010790,909.9361866800234
TE-010791,1912.3755659361798
TE-010792,3324.747719803224
TE-010793,2727.0734716719853
TE-010794,1592.1728476492694
TE-010795,4164.004447304153
TE-010796,2756.692447882271
TE-010797,1798.5283382846965
TE-010798,2044.8548874963515
TE-010799,2679.905101700912
TE-010800,3789.828473887387
TE-010801,3651.3935492115006
TE-010802,1843.9738465622934
TE-010803,2399.6233996619044
TE-010804,4314.421965724742
TE-010805,4934.059615367177
TE-010806,1001.192708122426
TE-010807,872.8770108902945
TE-010808,804.9470378245585
TE-010809,1134.2034765869848
TE-010810,472.610569981611
TE-010811,4064.1319440441257
TE-010812,4927.4633309041
TE-010813,1354.6674860840728
TE-010814,811.5299365877083
TE-010815,2454.053043516095
TE-010816,1122.3588794888874
TE-010817,1153.3961706644427
TE-010818,1464.6660651554503
TE-010819,2103.6505125460903
TE-010820,3140.0615329904263
TE-010821,1573.458372409239
TE-010822,3064.6634767351065
TE-010823,3216.2630168394535
TE-010824,5049.026816342066
TE-010825,1653.988294346268
TE-010826,3120.555157991087
TE-010827,2265.3900595397554
TE-010828,1841.4836443836732
TE-010829,651.4539386477506
TE-010830,4000.0895863501273
TE-010831,1974.5755156883765
TE-010832,1366.7579540148038
TE-010833,3648.9219555142054
TE-010834,2959.234728510004
TE-010835,2297.0829413210236
TE-010836,3267.0369327878343
TE-010837,2374.2412982674123
TE-010838,3169.6150746639114
TE-010839,527.7301799566746
TE-010840,2026.3884836975108
TE-010841,4532.68591208746
TE-010842,2659.787400311947
TE-010843,1736.981194843937
TE-010844,6029.2278786986535
TE-010845,1004.3946033241464
TE-010846,4752.422474238713
TE-010847,1709.3091106838547
TE-010848,3897.7620363425076
TE-010849,2901.269611941862
TE-010850,2406.656607785546
TE-010851,1744.4738739312502
TE-010852,2295.444764273733
TE-010853,2319.313820768213
TE-010854,2309.378175595038
TE-010855,620.5800342427417
TE-010856,2626.0235254123263
TE-010857,2054.35834900278
TE-010858,1937.5577237231544
TE-010859,2134.353044144103
TE-010860,2737.7162961889862
TE-010861,656.5566254879091
TE-010862,3873.8151185782685
TE-010863,1108.3759235861776
TE-010864,4074.795339549468
TE-010865,985.575524799207
TE-010866,2177.539236862022
TE-010867,3832.744532405776
TE-010868,1509.6997832224442
TE-010869,962.9658937766872
TE-010870,3171.896041442502
TE-010871,4026.557008961229
TE-010872,4430.865272216381
TE-010873,4235.971601245323
TE-010874,2824.755849133683
TE-010875,1905.3431203545672
TE-010876,2017.2762895051726
TE-010877,3493.2590978451353
TE-010878,632.744065021089
TE-010879,5445.8727312286155
TE-010880,3085.1758400598274
TE-010881,1912.0168904056213
TE-010882,4224.269326513284
TE-010883,1748.5967351125223
TE-010884,2220.748482079371
TE-010885,6188.8909485958575
TE-010886,2993.3975391444874
TE-010887,1403.0537975483946
TE-010888,1306.2419315584993
TE-010889,1001.2703660705254
TE-010890,2627.8025938889928
TE-010891,468.7744170513429
TE-010892,3947.101795996531
TE-010893,1634.635252292469
TE-010894,1198.9863511370822
TE-010895,1062.89352694598
TE-010896,280.362938981601
TE-010897,1297.3086999799557
TE-010898,3968.1911962838794
TE-010899,2067.3702982321274
TE-010900,1710.3615305017815
TE-010901,2778.8290123907414
TE-010902,3048.3628175443246
TE-010903,659.1540701329172
TE-010904,2267.8237309148185
TE-010905,3597.198827157884
TE-010906,2198.377014295592
TE-010907,1601.6795572580418
TE-010908,523.2534048300095
TE-010909,1752.7137480645638
TE-010910,1930.1183030711682
TE-010911,1821.1171641110486
TE-010912,2604.1918611331066
TE-010913,4711.706995585
TE-010914,2033.8166190189559
TE-010915,2349.5291697423727
TE-010916,1457.3444740298
TE-010917,1156.7540724563999
TE-010918,2127.4459309573676
TE-010919,2079.8987699698096
TE-010920,4240.297195817516
TE-010921,1703.3689996471267
TE-010922,1336.3762204045215
TE-010923,4796.76437970498
TE-010924,4173.673049874948
TE-010925,1397.0649512857594
TE-010926,1634.257710538836
TE-010927,1999.9848407302804
TE-010928,1991.9583126042394
TE-010929,3966.488825434428
TE-010930,3715.0673249830825
TE-010931,1755.9907875319827
TE-010932,3661.5073569237443
TE-010933,1367.4737965718086
TE-010934,807.4781908904658
TE-010935,2998.0108032730263
TE-010936,6525.095442542144
TE-010937,1849.4720346741915
TE-010938,4864.881365020825
TE-010939,3760.908437149945
TE-010940,2359.7781066267285
TE-010941,4231.313473330489
TE-010942,2545.7127159263546
TE-010943,3259.52872604824
TE-010944,1588.78940056675
TE-010945,1481.387059536638
TE-010946,1088.9981276411138
TE-010947,1182.1755935753092
TE-010948,4573.466169047457
TE-010949,2078.2174238058046
TE-010950,4086.4652759669657
TE-010951,1054.43969867967
TE-010952,2281.644420723516
TE-010953,1091.7289077719156
TE-010954,2552.4362949106708
TE-010955,2312.7314956770215
TE-010956,3406.9652553827973
TE-010957,3658.234075246296
TE-010958,678.6614953820169
TE-010959,797.6290803336121
TE-010960,1592.532087970249
TE-010961,1889.7557069466498
TE-010962,262.86974073360443
TE-010963,4687.9860968793855
TE-010964,4734.18487696087
TE-010965,4612.85310525777
TE-010966,2371.144193429035
TE-010967,3390.3532618216295
TE-010968,1863.7841108522857
TE-010969,4050.8542357899205
TE-010970,3697.7589839289085
TE-010971,1537.9002141287742
TE-010972,4448.648162409543
TE-010973,1312.5749887478482
TE-010974,1873.8519772067211
TE-010975,1611.223651925687
TE-010976,4027.1877553805975
TE-010977,4744.585355639548
TE-010978,1419.384112598117
TE-010979,2673.0501598862143
TE-010980,581.5746060051795
TE-010981,1402.8992780724934
TE-010982,853.0304090190609
TE-010983,1533.3846331586965
TE-010984,3882.347655225462
TE-010985,1168.6219540479833
TE-010986,1217.988388498372
TE-010987,1171.8767721447796
TE-010988,2010.6663844011102
TE-010989,765.6807058732857
TE-010990,3861.7912401721833
TE-010991,3022.70399038526
TE-010992,2143.2166130871315
TE-010993,2268.6229091819205
TE-010994,3148.295356388343
TE-010995,767.6310243376597
TE-010996,3624.9729900522752
TE-010997,1232.3576741476272
TE-010998,406.82715943263474
TE-010999,2481.1167001811127
TE-011000,3172.058218484664
TE-011001,2163.0759058543185
TE-011002,1960.7521981343953
TE-011003,1553.422052738429
TE-011004,701.1339359592498
TE-011005,2091.0357999393273
TE-011006,1799.8443989796835
TE-011007,4949.424407030473
TE-011008,1422.1800347059602
TE-011009,3773.674379369798
TE-011010,1389.5000702387829
TE-011011,5083.867462716053
TE-011012,3516.9409634547164
TE-011013,510.4616098587519
TE-011014,2806.0011280915646
TE-011015,1594.1539418473249
TE-011016,3926.4335473225956
TE-011017,878.0900488261886
TE-011018,5027.477050598252
TE-011019,1028.315278784014
TE-011020,2831.4064052328263
TE-011021,2206.4934692804636
TE-011022,1133.3203563530888
TE-011023,2874.954436307829
TE-011024,4123.594331186707
TE-011025,5241.427863913265
TE-011026,4137.998523963448
TE-011027,1144.895320826384
TE-011028,3296.7107812159384
TE-011029,1777.3823676094726
TE-011030,3592.989918762438
TE-011031,1529.602322336121
TE-011032,2564.270144870749
TE-011033,6482.2547586327455
TE-011034,2798.7895019981424
TE-011035,3577.4218240266046
TE-011036,3083.182739006822
TE-011037,1644.6753871128708
TE-011038,2985.1607267247678
TE-011039,2047.373950934968
TE-011040,3506.825313904942
TE-011041,1952.4004140193902
TE-011042,2766.2226010043414
TE-011043,895.9832852777408
TE-011044,828.0890410525103
TE-011045,2139.7487366543564
TE-011046,1069.8748364589849
TE-011047,1202.9959388521193
TE-011048,2256.065017667856
TE-011049,2390.1599144843713
TE-011050,3688.0373223765246
TE-011051,446.88709413614765
TE-011052,2537.3045944745522
TE-011053,2075.093572772744
TE-011054,3906.5406686386623
TE-011055,2111.4556952624675
TE-011056,539.5885721483935
TE-011057,1078.9821024314465
TE-011058,319.9856532897511
TE-011059,1328.526531471859
TE-011060,3874.9369538930687
TE-011061,2597.230232865193
TE-011062,2178.5829088412197
TE-011063,2270.456153060512
TE-011064,1828.6471496015274
TE-011065,4578.848417695878
TE-011066,2495.5901204330617
TE-011067,2166.1553958493128
TE-011068,5827.3046770028395
TE-011069,2005.7286770829164
TE-011070,4574.805260384601
TE-011071,4460.466515925085
TE-011072,2333.1521092417247
TE-011073,4432.936901700288
TE-011074,1109.6173406907237
TE-011075,1905.7652156227318
TE-011076,5524.007287871029
TE-011077,1195.166902105413
TE-011078,4853.308407156836
TE-011079,2084.8394744658513
TE-011080,5128.158021408445
TE-011081,4138.5175421977
TE-011082,1153.8422359828915
TE-011083,4369.787041956812
TE-011084,1455.8127539263878
TE-011085,5126.6814420703695
TE-011086,1572.6170099481965
TE-011087,1575.1594596708671
TE-011088,1110.2066331792735
TE-011089,946.2595189420094
TE-011090,5934.960726558373
TE-011091,922.0361411769597
TE-011092,2070.380322069567
TE-011093,1381.1914425854839
TE-011094,1558.9268321904037
TE-011095,1666.1471976846885
TE-011096,399.7233003266449
TE-011097,5436.945211096266
TE-011098,599.360147335155
TE-011099,3988.2608049120936
TE-011100,1115.1433620285427
TE-011101,851.8069378249952
TE-011102,1079.0847969369925
TE-011103,3501.307609725902
TE-011104,1748.0895633794576
TE-011105,3835.008962051836
TE-011106,1502.7266643450262
TE-011107,1032.058141775109
TE-011108,1020.0031349731781
TE-011109,3660.3034718756153
TE-011110,1026.948981577008
TE-011111,2194.4258081254284
TE-011112,2503.3200854248785
TE-011113,2403.4371340617186
TE-011114,1011.2560074087456
TE-011115,904.0934436073971
TE-011116,2100.7408517546064
TE-011117,1157.205038261749
TE-011118,318.721238447981
TE-011119,2085.025006846132
TE-011120,4307.681597568218
TE-011121,2035.3300090184207
TE-011122,1481.6802890276958
TE-011123,4425.715581042883
TE-011124,665.8846885190924
TE-011125,5215.980951316712
TE-011126,895.9274564400434
TE-011127,1316.7385257418707
TE-011128,1090.089343506941
TE-011129,1023.6216122001349
TE-011130,2995.9733885830183
TE-011131,3143.7436737498965
TE-011132,3023.3832119149665
TE-011133,1651.4835828016446
TE-011134,696.2607506281433
TE-011135,4137.464047554111
TE-011136,1585.938184640065
TE-011137,4122.571202565689
TE-011138,481.8203616111234
TE-011139,4226.737188447695
TE-011140,2073.2987753779094
TE-011141,1509.5963400052624
TE-011142,2902.5022536429237
TE-011143,901.810675750256
TE-011144,3615.5306617918895
TE-011145,3777.2785672065293
TE-011146,3366.631470460793
TE-011147,2006.9097161036823
TE-011148,2786.970385309078
TE-011149,1963.0392288470675
TE-011150,2033.8104637140916
TE-011151,506.69646676647403
TE-011152,851.0103225472603
TE-011153,1919.5414978688862
TE-011154,4696.071273768324
TE-011155,893.8296509387194
TE-011156,358.86890965151883
TE-011157,2792.8038698396113
TE-011158,1868.7311724499132
TE-011159,1736.290519530376
TE-011160,1152.6496549343647
TE-011161,1862.1636928896248
TE-011162,1770.6050030633287
TE-011163,902.040049781076
TE-011164,4248.1777829682205
TE-011165,1390.5893734354727
TE-011166,2581.7199170541835
TE-011167,4340.309508998924
TE-011168,1795.9043051880344
TE-011169,5486.467459653764
TE-011170,2980.135846099406
TE-011171,583.4098461297717
TE-011172,1287.5697809484072
TE-011173,1838.044034490627
TE-011174,1158.7850772143295
TE-011175,3824.204184378784
TE-011176,4633.222062275074
TE-011177,3443.7478061194442
TE-011178,2396.930531780306
TE-011179,2450.40544499634
TE-011180,2524.513841350192
TE-011181,2470.0137473412824
TE-011182,1406.438847156638
TE-011183,2961.9681062034247
TE-011184,1886.2387287182005
TE-011185,1033.8885028709888
TE-011186,904.5300793134754
TE-011187,2848.4972242916506
TE-011188,4869.861478798357
TE-011189,2869.8745036300825
TE-011190,5396.025646974329
TE-011191,3864.7329118833195
TE-011192,1584.1605663070468
TE-011193,1493.1173151116668
TE-011194,1635.2581673447257
TE-011195,3638.3494859641896
TE-011196,1752.3234773361485
TE-011197,3268.7547457709043
TE-011198,4912.216602516177
TE-011199,5962.62127493118
TE-011200,1145.1325323720275
TE-011201,473.9634008879816
TE-011202,749.7604455082312
TE-011203,1165.8950218174798
TE-011204,586.7347422958999
TE-011205,1908.8314645823618
TE-011206,1655.8751928594852
TE-011207,929.7834649971683
TE-011208,1619.2341529782557
TE-011209,1884.4334087357302
TE-011210,6434.503961553765
TE-011211,1541.0914050566778
TE-011212,2863.385916965702
TE-011213,3900.312422832097
TE-011214,4116.415295875382
TE-011215,1757.314435254937
TE-011216,2286.494472651821
TE-011217,4045.8410564262663
TE-011218,4327.563675465106
TE-011219,1600.604222160915
TE-011220,1806.3835243654576
TE-011221,1472.3814224584798
TE-011222,881.4821704049775
TE-011223,3545.504978130857
TE-011224,1841.5049075278507
TE-011225,716.2074523304505
TE-011226,1254.3637421303629
TE-011227,1758.772688693241
TE-011228,3061.5518866574484
TE-011229,2264.385542548167
TE-011230,3384.702106021037
TE-011231,1427.660553699772
TE-011232,969.0572379395169
TE-011233,462.5437880029194
TE-011234,2209.8608324948086
TE-011235,1784.4868252882713
TE-011236,5390.492494571067
TE-011237,4625.987473012579
TE-011238,3835.0377800374126
TE-011239,1613.4994623114264
TE-011240,3163.759691072919
TE-011241,1766.6763650346418
TE-011242,562.6309884567943
TE-011243,4151.49307088076
TE-011244,2006.2162989157953
TE-011245,3454.1057502215117
TE-011246,1140.293270857313
TE-011247,601.9992017138193
TE-011248,2809.6321891089833
TE-011249,1191.247170971017
TE-011250,2292.191990825554
TE-011251,2935.198378751014
TE-011252,1641.449914737772
TE-011253,1344.005517080846
TE-011254,1835.1839703649484
TE-011255,3804.197206405489
TE-011256,1412.9154734145045
TE-011257,3821.875122329132
TE-011258,1181.6119970507275
TE-011259,3812.979093688804
TE-011260,2036.1691645649519
TE-011261,321.44109719189714
TE-011262,2839.488380568047
TE-011263,636.1990951709824
TE-011264,3147.094751798735
TE-011265,3598.5231194505104
TE-011266,3943.5033258590925
TE-011267,1202.4419800941835
TE-011268,4425.493785296238
TE-011269,1172.6745599633937
TE-011270,2903.8561453726616
TE-011271,1914.1538028539453
TE-011272,1767.8058210671336
TE-011273,1903.2301078449836
TE-011274,1213.4642063874057
TE-011275,5644.454367994397
TE-011276,1460.8322842398516
TE-011277,334.0004478169992
TE-011278,2335.4263898713207
TE-011279,2312.292672481673
TE-011280,2344.6248875177225
TE-011281,1436.9169850886606
TE-011282,3467.8447877283306
TE-011283,1208.6584562503692
TE-011284,1745.3605868440013
TE-011285,2888.233051682061
TE-011286,1010.7991353257637
TE-011287,1947.7248973965357
TE-011288,2253.249649665903
TE-011289,6047.542617043124
TE-011290,5513.444762953718
TE-011291,2528.041422004613
TE-011292,5871.529670663421
TE-011293,3713.462923436189
TE-011294,252.3187761600566
TE-011295,3806.2503100478625
TE-011296,1947.268222240676
TE-011297,2957.312655848587
TE-011298,1439.2364103440068
TE-011299,2877.645962946445
TE-011300,946.0778478862569
TE-011301,707.427596171588
TE-011302,1206.012742123801
TE-011303,1440.7216267383424
TE-011304,2177.3046200708127
TE-011305,3545.9281606382037
TE-011306,2646.249722003896
TE-011307,3443.8564887573443
TE-011308,2164.580195798838
TE-011309,2577.586609736783
TE-011310,4851.255517541258
TE-011311,526.8617247472603
TE-011312,920.5673485639054
TE-011313,3823.329433449554
TE-011314,583.0284483185428
TE-011315,3334.666313189699
TE-011316,2423.770906284289
TE-011317,1189.4660145116832
TE-011318,2626.726730681559
TE-011319,3329.61437479504
TE-011320,2386.4033630695476
TE-011321,417.55232575512605
TE-011322,3636.111354481264
TE-011323,2236.076089521
TE-011324,2701.431868282003
TE-011325,1517.6378932858247
TE-011326,833.717042651919
TE-011327,2068.2028757328303
TE-011328,1080.725765586857
TE-011329,1754.5038354688797
TE-011330,893.9872212502428
TE-011331,1594.0432176458066
TE-011332,4542.372550332091
TE-011333,3968.4016711279623
TE-011334,4026.9854292831496
TE-011335,1510.4287071372917
TE-011336,1607.7919901288963
TE-011337,6241.204460866692
TE-011338,1884.8926493560077
TE-011339,2184.4820009645427
TE-011340,1143.810234286485
TE-011341,3090.386201007924
TE-011342,2427.9175878717133
TE-011343,1015.4663363774021
TE-011344,969.2375826123198
TE-011345,1832.3437643712489
TE-011346,1307.9084243184457
TE-011347,2238.0432109456206
TE-011348,2538.746356240971
TE-011349,1537.4756808315053
TE-011350,589.6155924488426
TE-011351,1596.6370664091269
TE-011352,642.9078151423162
TE-011353,1706.7715394560878
TE-011354,3097.789987582649
TE-011355,884.7991910946093
TE-011356,741.8658498385853
TE-011357,2529.3710601318007
TE-011358,2100.1640854503325
TE-011359,1261.997876613292
TE-011360,6357.102677575616
TE-011361,2204.5711792796487
TE-011362,3388.899290574597
TE-011363,777.49680281157
TE-011364,280.49485453562943
TE-011365,2665.9770731921863
TE-011366,1644.5433335662888
TE-011367,4251.270857736283
TE-011368,1801.434155357802
TE-011369,1392.8771826866011
TE-011370,650.0425914673813
TE-011371,1993.2515484060866
TE-011372,1264.29789895143
TE-011373,1316.4849989432992
TE-011374,5300.89304638886
TE-011375,571.4788994997118
TE-011376,2053.054102062682
TE-011377,831.6395663591195
TE-011378,3338.123757116398
TE-011379,1717.790124118136
TE-011380,4342.080839104745
TE-011381,5248.393541972981
TE-011382,1809.7471343876703
TE-011383,3873.3820455671485
TE-011384,1695.0037899216381
TE-011385,779.4987245080472
TE-011386,4802.100675310012
TE-011387,2561.011191410737
TE-011388,1562.4325819859976
TE-011389,2148.523555792244
TE-011390,1052.4793315382885
TE-011391,3341.6609538644457
TE-011392,1928.5740628106416
TE-011393,1254.4852616303288
TE-011394,4035.885246203413
TE-011395,540.8021036819559
TE-011396,677.7906441194632
TE-011397,2947.780889283994
TE-011398,534.309266240861
TE-011399,2387.329410283198
TE-011400,3461.554745320551
TE-011401,2069.881688143195
TE-011402,881.3448464250632
TE-011403,2050.3393062975183
TE-011404,1170.589451557446
TE-011405,2928.7119435998957
TE-011406,1961.4726302712315
TE-011407,1736.7058362239736
TE-011408,1006.422074089357
TE-011409,3886.0818237099074
TE-011410,4641.6020129609
TE-011411,863.5932495297836
TE-011412,1640.708935712173
TE-011413,4967.691419229188
TE-011414,1346.752744683942
TE-011415,1717.9431285936016
TE-011416,2480.232408788305
TE-011417,2203.0243896424304
TE-011418,896.1118937246692
TE-011419,687.6743567119368
TE-011420,441.4953713466548
TE-011421,1546.872923820095
TE-011422,2873.576199664345
TE-011423,3599.077651853072
TE-011424,4046.3532980262344
TE-011425,716.8994823810176
TE-011426,2761.660936617993
TE-011427,1473.2182291920308
TE-011428,1064.106619976364
TE-011429,2767.592762841035
TE-011430,2164.788444035289
TE-011431,578.5394260637624
TE-011432,1485.4939671646455
TE-011433,2062.9228610497644
TE-011434,564.0741313135934
TE-011435,261.9203121195619
TE-011436,4164.465776862868
TE-011437,5406.06369048064
TE-011438,4069.036068405931
TE-011439,3530.2645458447832
TE-011440,2120.1594523604795
TE-011441,1717.8762582931383
TE-011442,386.6599040299209
TE-011443,1521.9375486439253
TE-011444,3449.71771745078
TE-011445,4632.011918102758
TE-011446,3275.703908319147
TE-011447,1709.4112915279434
TE-011448,559.1473130445531
TE-011449,4818.623448727958
TE-011450,2095.6017781243604
TE-011451,1965.2018356959811
TE-011452,2063.5983985192956
TE-011453,1430.4417732500997
TE-011454,3830.438145288633
TE-011455,1205.7904493424462
TE-011456,5486.321746669999
TE-011457,771.0935622188731
TE-011458,525.0218592328404
TE-011459,983.5465566477799
TE-011460,2249.4166649206713
TE-011461,1470.5373395174634
TE-011462,1902.519360670507
TE-011463,1907.2964600125097
TE-011464,2489.448972883449
TE-011465,1034.660534224976
TE-011466,2409.339874091509
TE-011467,1826.6181802050523
TE-011468,1262.6026075496964
TE-011469,711.840183822017
TE-011470,1600.281485298754
TE-011471,1056.4276793532008
TE-011472,1706.141559431
TE-011473,3059.56797629871
TE-011474,1766.1305151168372
TE-011475,1671.2206725405767
TE-011476,2185.644288476609
TE-011477,2580.7380846789115
TE-011478,2096.6690661409975
TE-011479,932.0451590833475
TE-011480,780.6216365622715
TE-011481,1898.6178515139811
TE-011482,1508.2493347978198
TE-011483,3665.252045480307
TE-011484,1635.1841883133127
TE-011485,1445.2900931502413
TE-011486,3481.499541703358
TE-011487,3098.1872858221677
TE-011488,836.1943459648462
TE-011489,3194.167255807843
TE-011490,282.81251982780054
TE-011491,897.0957310674789
TE-011492,807.6767308145663
TE-011493,3918.5806029472724
TE-011494,1678.1443503527394
TE-011495,1528.4087210342723
TE-011496,1733.249148197718
TE-011497,3459.769112278019
TE-011498,1003.5989719402673
TE-011499,1454.83525941494
TE-011500,2255.5847586655623
TE-011501,1662.067216081441
TE-011502,1547.140254921792
TE-011503,4419.451761085198
TE-011504,2025.004932094136
TE-011505,2074.5149418776127
TE-011506,806.5618433666011
TE-011507,998.3136870528044
TE-011508,2123.4770248257273
TE-011509,3043.886131004894
TE-011510,1317.6461500830528
TE-011511,3420.230120213556
TE-011512,2134.1505357254705
TE-011513,3159.1935532052134
TE-011514,5061.339116525829
TE-011515,691.4237838256101
TE-011516,1393.905002750707
TE-011517,3764.9770395761884
TE-011518,3509.4593823255022
TE-011519,3091.0128409452273
TE-011520,1128.9474380961722
TE-011521,5365.953940008119
TE-011522,610.5170989196301
TE-011523,1167.6309800688016
TE-011524,3080.8154689197954
TE-011525,3673.6117618433336
TE-011526,3478.7172695684653
TE-011527,2404.4431832406376
TE-011528,1363.428024597721
TE-011529,3043.738478347361
TE-011530,1662.5181793435804
TE-011531,943.2527068276074
TE-011532,1661.7293077494282
TE-011533,2059.499833735215
TE-011534,4186.285022202283
TE-011535,3438.5345656979425
TE-011536,1385.3251257074785
TE-011537,2785.055155107752
TE-011538,1078.6284089879905
TE-011539,5992.515440362722
TE-011540,840.3769296753339
TE-011541,2743.6953934972144
TE-011542,2945.5200900618315
TE-011543,5459.3782533825815
TE-011544,2377.147569145212
TE-011545,885.0829640843431
TE-011546,1479.3118264591158
TE-011547,4175.6396280662975
TE-011548,3136.2921933678226
TE-011549,809.3902973021679
TE-011550,590.6839854774739
TE-011551,2888.7331048443602
TE-011552,3312.8078396910523
TE-011553,4977.113612430316
TE-011554,3317.6078108048778
TE-011555,1805.3472984764746
TE-011556,2216.1195498572333
TE-011557,1414.0496998349436
TE-011558,1488.6346836833477
TE-011559,1237.4964232159282
TE-011560,1595.791677486228
TE-011561,3621.5432819669104
TE-011562,5731.845746514373
TE-011563,1182.7786855053077
TE-011564,4861.330187767848
TE-011565,426.02106511942725
TE-011566,4608.509222663826
TE-011567,2948.138515260545
TE-011568,1488.4531376409195
TE-011569,4692.306244757045
TE-011570,1321.9868591272518
TE-011571,1215.2782934497027
TE-011572,565.0626934050008
TE-011573,1464.8214504731814
TE-011574,1668.6106735680314
TE-011575,1354.9322320209292
TE-011576,1570.8403660100391
TE-011577,5095.199089936301
TE-011578,2166.5302547894717
TE-011579,2766.3503651245273
TE-011580,4086.9745108679936
TE-011581,1044.2885155242134
TE-011582,4754.309837298593
TE-011583,790.1695139354092
TE-011584,523.173277023782
TE-011585,3148.1926922885805
TE-011586,1949.1445962774105
TE-011587,1327.6003002307853
TE-011588,1169.3340365220051
TE-011589,4986.8202796770565
TE-011590,1311.3258280394493
TE-011591,1414.582525778069
TE-011592,1725.0133244181748
TE-011593,1479.0452338047285
TE-011594,514.6223508629053
TE-011595,1586.5975090918919
TE-011596,2815.9714757801357
TE-011597,653.1959491858329
TE-011598,1171.0846788847925
TE-011599,2513.117768392961
TE-011600,4163.896462597937
TE-011601,2016.6786578060894
TE-011602,3320.3948633147506
TE-011603,2312.6591728112057
TE-011604,473.9253514952161
TE-011605,862.0182511260616
TE-011606,4345.75165253565
TE-011607,1304.2935741288452
TE-011608,1962.7856628433265
TE-011609,4255.8163367527395
TE-011610,711.8096697817105
TE-011611,211.16183415715045
TE-011612,1504.5454988423483
TE-011613,1813.1713531884604
TE-011614,804.8517595461458
TE-011615,2313.7166299291603
TE-011616,1439.6445081686147
TE-011617,3606.5241918466972
TE-011618,2855.047471148567
TE-011619,2731.1974040073205
TE-011620,1441.5966469683253
TE-011621,777.119647142028
TE-011622,1182.3273736363924
TE-011623,3173.8801984489346
TE-011624,1983.6967677338857
TE-011625,731.4807706082929
TE-011626,715.5165123453173
TE-011627,1212.970689199608
TE-011628,1059.435052788965
TE-011629,873.7108641736181
TE-011630,1221.5277265986579
TE-011631,2341.079400968592
TE-011632,1692.56289991066
TE-011633,2031.3576626253225
TE-011634,3650.5938330894496
TE-011635,761.2355072915748
TE-011636,3086.3875582584255
TE-011637,2703.75333399825
TE-011638,3575.5092662777934
TE-011639,1691.6061507641452
TE-011640,792.5757395556655
TE-011641,1555.5128217203712
TE-011642,4009.239979875436
TE-011643,1990.650605173909
TE-011644,3397.111106295675
TE-011645,687.1944216672939
TE-011646,578.4953874188284
TE-011647,550.921060020665
TE-011648,3861.794301419922
TE-011649,4425.192804853933
TE-011650,1218.6570356548798
TE-011651,1162.785042035609
TE-011652,3320.1947059180657
TE-011653,1760.8593875812649
TE-011654,3899.3045473280936
TE-011655,1896.7002489749973
TE-011656,4457.159352003652
TE-011657,1300.8996290010218
TE-011658,1418.5886268385134
TE-011659,4732.938634122026
TE-011660,2352.768065245709
TE-011661,1171.0068773854312
TE-011662,2701.277101141011
TE-011663,3407.5225693109205
TE-011664,3918.492071541741
TE-011665,1711.0177973613445
TE-011666,1577.212510742169
TE-011667,1657.9604841927708
TE-011668,2543.99431710624
TE-011669,1282.692358059398
TE-011670,2841.003565924271
TE-011671,2515.7644065606623
TE-011672,1538.3884589982176
TE-011673,3036.8663182013647
TE-011674,2487.6667784685515
TE-011675,1441.442917926543
TE-011676,1768.099448325452
TE-011677,690.8529059050409
TE-011678,2145.2826644936818
TE-011679,1496.62681930237
TE-011680,1612.530072527441
TE-011681,1853.3725867498965
TE-011682,2212.58490837427
TE-011683,5328.157813031903
TE-011684,1532.3469261369646
TE-011685,1837.8718796555236
TE-011686,3541.039439585713
TE-011687,1282.4520357228785
TE-011688,4940.4305617186765
TE-011689,2859.6192313059273
TE-011690,4482.666821805717
TE-011691,618.1100633574492
TE-011692,2082.6376820680325
TE-011693,835.095765571456
TE-011694,2340.2967766092775
TE-011695,5641.647995977148
TE-011696,3262.182300915853
TE-011697,2915.4134847885916
TE-011698,1683.2655340970564
TE-011699,2491.014389068796
TE-011700,916.3601032046702
TE-011701,2123.5157651751815
TE-011702,3087.1262718552252
TE-011703,4010.157908623608
TE-011704,1947.9463546086022
TE-011705,475.35392469031603
TE-011706,3994.945709791412
TE-011707,1209.3804785991397
TE-011708,4468.784890125156
TE-011709,1138.2016780567947
TE-011710,3747.288798655577
TE-011711,1172.2424253921026
TE-011712,1495.745776985697
TE-011713,1285.4812284296315
TE-011714,1657.219826109594
TE-011715,2948.2443134012624
TE-011716,224.00790171495078
TE-011717,2992.5672848842396
TE-011718,5632.96426781063
TE-011719,4596.517186172765
TE-011720,4220.893380502332
TE-011721,1696.4803437462451
TE-011722,1029.903544715905
TE-011723,893.6060050911797
TE-011724,3974.8459706203203
TE-011725,2561.1841773584774
TE-011726,303.21426767936873
TE-011727,547.4147556788964
TE-011728,3010.212230047784
TE-011729,1685.678092544939
TE-011730,2140.125211787092
TE-011731,1966.960648195462
TE-011732,2482.3031519476376
TE-011733,1481.9996800167337
TE-011734,3866.4077250471423
TE-011735,1079.0510260822166
TE-011736,3332.0578469909615
TE-011737,942.8873046480535
TE-011738,1825.6254576115355
TE-011739,4017.8103393754072
TE-011740,3386.034186689895
TE-011741,895.5915989990363
TE-011742,1540.1942632195203
TE-011743,5737.835459100318
TE-011744,4365.5634157661
TE-011745,1954.110849357595
TE-011746,2313.2278328820057
TE-011747,2967.089508627745
TE-011748,1609.2063012143806
TE-011749,476.80501323249973
TE-011750,2190.7209356353083
TE-011751,2357.0115612823183
TE-011752,3705.419066549397
TE-011753,297.54939236606833
TE-011754,2561.6233817207717
TE-011755,3583.504104184921
TE-011756,6103.640991054106
TE-011757,3478.2742695844863
TE-011758,3657.3126708212867
TE-011759,2921.760468221576
TE-011760,3326.1568018167645
TE-011761,3328.504407596657
TE-011762,3934.954670403672
TE-011763,2366.0525301392117
TE-011764,3839.2828386610718
TE-011765,818.3559608466087
TE-011766,4907.567655172509
TE-011767,1525.6799372821026
TE-011768,313.1750769797045
TE-011769,844.8970909479924
TE-011770,2290.5760369660848
TE-011771,3878.3544861813275
TE-011772,1902.0794605738681
TE-011773,1524.924154636179
TE-011774,1287.1604410982059
TE-011775,2052.3780227219636
TE-011776,2217.621055672754
TE-011777,5089.393005175152
TE-011778,795.0082621873917
TE-011779,1437.6674102695574
TE-011780,3678.479382396533
TE-011781,4373.650963376671
TE-011782,1934.6176286807658
TE-011783,3750.523561476195
TE-011784,660.736195977219
TE-011785,2226.033833003236
TE-011786,613.7318705990756
TE-011787,2545.629693828323
TE-011788,2401.4320391780307
TE-011789,2296.097012163754
TE-011790,857.4720068674169
TE-011791,4089.41907711155
TE-011792,4424.603743202338
TE-011793,1863.6949499970258
TE-011794,1206.0959546716651
TE-011795,1473.476493571004
TE-011796,3348.872055000149
TE-011797,2613.2806331325237
TE-011798,1105.1977542668246
TE-011799,2209.4208070989375
TE-011800,732.4469537041734
TE-011801,1010.6876380875811
TE-011802,3529.870426555786
TE-011803,2951.3384164169665
TE-011804,2089.7119671440014
TE-011805,2244.9683518269358
TE-011806,4914.528399032197
TE-011807,1631.5319545461475
TE-011808,2354.524518016952
TE-011809,318.1204074882419
TE-011810,1353.1073549376606
TE-011811,1994.7099581983284
TE-011812,2027.9407207156632
TE-011813,1928.6980860013064
TE-011814,1319.84265340285
TE-011815,1900.4131672786473
TE-011816,658.7742732370752
TE-011817,763.8853876717214
TE-011818,5121.686977136131
TE-011819,2662.1753131472715
TE-011820,4410.8102321245915
TE-011821,2998.91186898092
TE-011822,1588.410121214821
TE-011823,2879.698689702387
TE-011824,4079.435772207732
TE-011825,3506.115381039862
TE-011826,2278.6926258422973
TE-011827,1261.6040000116905
TE-011828,3914.5654909631253
TE-011829,5338.302459223893
TE-011830,2519.445282128325
TE-011831,1899.0999866095099
TE-011832,2074.7308436820103
TE-011833,1710.350912495119
TE-011834,1506.5678364582557
TE-011835,4154.633051039356
TE-011836,368.6495502797168
TE-011837,601.771254749711
TE-011838,2439.122466767287
TE-011839,1489.223411135657
TE-011840,5306.918345213902
TE-011841,3382.9119099460618
TE-011842,2837.157321066056
TE-011843,4145.591335965037
TE-011844,4504.46889301539
TE-011845,2033.4300804578147
TE-011846,4400.601212687501
TE-011847,1788.7054969749724
TE-011848,3774.3833891412496
TE-011849,303.5767594799927
TE-011850,2169.722448886113
TE-011851,3762.5234262586114
TE-011852,2125.0549438516796
TE-011853,2082.9126696728476
TE-011854,1358.618975169605
TE-011855,1704.1221060555467
TE-011856,1581.7506721580116
TE-011857,3433.2526134388518
TE-011858,971.9785782640033
TE-011859,1023.6716100915194
TE-011860,3025.939766018446
TE-011861,1827.7518406647096
TE-011862,4550.181803245328
TE-011863,3898.4256437393915
TE-011864,2454.5886249472815
TE-011865,3470.406000287461
TE-011866,1940.0788159986773
TE-011867,2992.5792959341084
TE-011868,518.0426158069863
TE-011869,2279.6179380047115
TE-011870,1068.206740304859
TE-011871,875.3147222540606
TE-011872,1917.0088082799944
TE-011873,3460.2812663651403
TE-011874,729.2966939530531
TE-011875,5293.85339289554
TE-011876,1961.3932614334215
TE-011877,1479.8521941330387
TE-011878,728.5832491170183
TE-011879,929.1956878735655
TE-011880,740.106397513422
TE-011881,2786.1301550495523
TE-011882,279.1675521275952
TE-011883,1223.773528676555
TE-011884,1718.9629239031956
TE-011885,681.5112933596463
TE-011886,1815.255178369102
TE-011887,2149.488464363033
TE-011888,1293.9922097683125
TE-011889,3627.2504922501003
TE-011890,2358.5163367281516
TE-011891,1500.8757784845252
TE-011892,1681.9977350130227
TE-011893,1344.9838380387464
TE-011894,3897.3228155616885
TE-011895,1810.8504942146953
TE-011896,2185.064935370702
TE-011897,3979.963771097635
TE-011898,723.9344985730795
TE-011899,1338.8109782340632
TE-011900,4741.727259650094
TE-011901,1244.4078415018125
TE-011902,3973.5914538269444
TE-011903,1003.8044262265244
TE-011904,1193.0868753984196
TE-011905,806.7874454765899
TE-011906,2157.56831103552
TE-011907,4749.74342223378
TE-011908,1624.1732137981558
TE-011909,2369.165185432406
TE-011910,796.2352971264063
TE-011911,988.7078780562333
TE-011912,3772.6761941068453
TE-011913,288.8077864409977
TE-011914,635.7471186319096
TE-011915,2554.5490601122783
TE-011916,3784.0866130806317
TE-011917,3998.7957931770425
TE-011918,1481.6965510645286
TE-011919,5011.936446431773
TE-011920,389.4644058848148
TE-011921,4859.244107205364
TE-011922,2485.6427275145484
TE-011923,1154.4493619179743
TE-011924,4748.186781033842
TE-011925,1900.7610272949087
TE-011926,939.9578963653887
TE-011927,681.9417764332036
TE-011928,2537.2834713831066
TE-011929,747.4004948733441
TE-011930,516.3150638487236
TE-011931,3175.909654123932
TE-011932,472.4900741293641
TE-011933,979.8736861777334
TE-011934,4649.929354134221
TE-011935,285.9215183129338
TE-011936,2737.488362494117
TE-011937,1687.3751353009154
TE-011938,2539.9431978392586
TE-011939,598.657519322494
TE-011940,4331.684333798688
TE-011941,1746.954613251864
TE-011942,1656.6279871195893
TE-011943,3644.128607055851
TE-011944,4644.114611203444
TE-011945,1661.8167396982467
TE-011946,1682.5552485890153
TE-011947,279.91080707145306
TE-011948,4074.8657140470405
TE-011949,1352.7824360438826
TE-011950,4812.567630387732
TE-011951,1497.1653453719105
TE-011952,3814.925440487521
TE-011953,515.5298358366645
TE-011954,3452.6463910177163
TE-011955,3242.8953093463942
TE-011956,3260.391303934939
TE-011957,2587.477070678111
TE-011958,1941.4353622103279
TE-011959,3626.655995374546
TE-011960,606.5842980458908
TE-011961,1922.8021385834602
TE-011962,1734.5884406229645
TE-011963,1517.9335477197599
TE-011964,1645.8143839421577
TE-011965,714.6652084038903
TE-011966,2561.259373314354
TE-011967,1322.3467259306708
TE-011968,1552.2880117552272
TE-011969,551.434526617777
TE-011970,3067.9170222503717
TE-011971,1469.9838274223234
TE-011972,4189.935203305267
TE-011973,4145.441945789929
TE-011974,3120.486290834963
TE-011975,1581.2350476560466
TE-011976,1440.7873467008171
TE-011977,970.2354570422415
TE-011978,1722.7318807386634
TE-011979,3945.362979772694
TE-011980,3177.656523228202
TE-011981,703.3085414728876
TE-011982,808.1465841969737
TE-011983,2937.805040334052
TE-011984,4633.11011986844
TE-011985,1845.2266444245126
TE-011986,2134.904936727844
TE-011987,1137.751007573901
TE-011988,1880.0650602908572
TE-011989,402.3589138807374
TE-011990,383.6569294049041
TE-011991,2225.532018219115
TE-011992,3868.4115970743715
TE-011993,1340.1226528142329
TE-011994,2069.0887219530828
TE-011995,1348.7571167753329
TE-011996,847.6835377530131
TE-011997,1502.0434634510443
TE-011998,878.1723658318274
TE-011999,3321.63712952867
TE-012000,555.6373455882083
